"","Site","Species","Source","Contr"
"1","GTM","Mud crab","Benthic algae",0.00316549807543846
"2","GTM","Mud crab","Benthic algae",0.0239248252361016
"3","GTM","Mud crab","Benthic algae",0.0332417752963191
"4","GTM","Mud crab","Benthic algae",0.0242640577643899
"5","GTM","Mud crab","Benthic algae",0.0110557667886998
"6","GTM","Mud crab","Benthic algae",0.0243406383635175
"7","GTM","Mud crab","Benthic algae",0.00856735081853274
"8","GTM","Mud crab","Benthic algae",0.0198023214988445
"9","GTM","Mud crab","Benthic algae",0.00581645076761613
"10","GTM","Mud crab","Benthic algae",0.020900108807721
"11","GTM","Mud crab","Benthic algae",0.006118551780916
"12","GTM","Mud crab","Benthic algae",0.0134450208934036
"13","GTM","Mud crab","Benthic algae",0.0174794179570664
"14","GTM","Mud crab","Benthic algae",0.00776027967725054
"15","GTM","Mud crab","Benthic algae",0.0155679193403315
"16","GTM","Mud crab","Benthic algae",0.0188935091880201
"17","GTM","Mud crab","Benthic algae",0.0274970356572538
"18","GTM","Mud crab","Benthic algae",0.0262781057295056
"19","GTM","Mud crab","Benthic algae",0.0103353091013518
"20","GTM","Mud crab","Benthic algae",0.0219052507340204
"21","GTM","Mud crab","Benthic algae",0.00818993475241211
"22","GTM","Mud crab","Benthic algae",0.0111416094143237
"23","GTM","Mud crab","Benthic algae",0.0069792747124228
"24","GTM","Mud crab","Benthic algae",0.0161632279782995
"25","GTM","Mud crab","Benthic algae",0.00239941987833437
"26","GTM","Mud crab","Benthic algae",0.0247601092526146
"27","GTM","Mud crab","Benthic algae",0.0191485926355675
"28","GTM","Mud crab","Benthic algae",0.00561244608386776
"29","GTM","Mud crab","Benthic algae",0.00709989132230396
"30","GTM","Mud crab","Benthic algae",0.0122786100780542
"31","GTM","Mud crab","Benthic algae",0.0173543638316139
"32","GTM","Mud crab","Benthic algae",0.014011730453013
"33","GTM","Mud crab","Benthic algae",0.00616487719744346
"34","GTM","Mud crab","Benthic algae",0.0143738272099693
"35","GTM","Mud crab","Benthic algae",0.0078088319086968
"36","GTM","Mud crab","Benthic algae",0.0240365909072532
"37","GTM","Mud crab","Benthic algae",0.0117120818149615
"38","GTM","Mud crab","Benthic algae",0.00526195995774324
"39","GTM","Mud crab","Benthic algae",0.0139019692290146
"40","GTM","Mud crab","Benthic algae",0.010940652713432
"41","GTM","Mud crab","Benthic algae",0.00913416218429602
"42","GTM","Mud crab","Benthic algae",0.00100753926671369
"43","GTM","Mud crab","Benthic algae",0.0179282761154966
"44","GTM","Mud crab","Benthic algae",0.0155131726501987
"45","GTM","Mud crab","Benthic algae",0.00964686869949345
"46","GTM","Mud crab","Benthic algae",0.0278697651025982
"47","GTM","Mud crab","Benthic algae",8.86608406571752e-05
"48","GTM","Mud crab","Benthic algae",0.0111301710619855
"49","GTM","Mud crab","Benthic algae",0.0157636714974669
"50","GTM","Mud crab","Benthic algae",0.00188964147961103
"51","GTM","Mud crab","Benthic algae",0.00648622472702289
"52","GTM","Mud crab","Benthic algae",0.022234475990488
"53","GTM","Mud crab","Benthic algae",0.00888830813746876
"54","GTM","Mud crab","Benthic algae",0.00850057659035156
"55","GTM","Mud crab","Benthic algae",0.00332816849478486
"56","GTM","Mud crab","Benthic algae",0.0101182880157194
"57","GTM","Mud crab","Benthic algae",0.0023168473168512
"58","GTM","Mud crab","Benthic algae",0.000808616012536125
"59","GTM","Mud crab","Benthic algae",0.0104320258986354
"60","GTM","Mud crab","Benthic algae",0.00267582998713911
"61","GTM","Mud crab","Benthic algae",0.0277306400444171
"62","GTM","Mud crab","Benthic algae",0.0127948622758309
"63","GTM","Mud crab","Benthic algae",0.0187856873227946
"64","GTM","Mud crab","Benthic algae",0.00992607996781489
"65","GTM","Mud crab","Benthic algae",0.0159272198716432
"66","GTM","Mud crab","Benthic algae",0.0127406319687015
"67","GTM","Mud crab","Benthic algae",0.0116001328219645
"68","GTM","Mud crab","Benthic algae",0.021371720188899
"69","GTM","Mud crab","Benthic algae",0.00440475302748259
"70","GTM","Mud crab","Benthic algae",0.0167996293076883
"71","GTM","Mud crab","Benthic algae",0.0100684445134262
"72","GTM","Mud crab","Benthic algae",0.00426488780904255
"73","GTM","Mud crab","Benthic algae",0.00339123479751537
"74","GTM","Mud crab","Benthic algae",0.0214064059447687
"75","GTM","Mud crab","Benthic algae",0.0134426520026371
"76","GTM","Mud crab","Benthic algae",0.00541369652924267
"77","GTM","Mud crab","Benthic algae",0.00396659914704278
"78","GTM","Mud crab","Benthic algae",0.0279985228761777
"79","GTM","Mud crab","Benthic algae",0.00924220371572357
"80","GTM","Mud crab","Benthic algae",0.000447231496517806
"81","GTM","Mud crab","Benthic algae",0.0100584024494896
"82","GTM","Mud crab","Benthic algae",0.0169337773084278
"83","GTM","Mud crab","Benthic algae",0.021767192421479
"84","GTM","Mud crab","Benthic algae",0.00384560230173094
"85","GTM","Mud crab","Benthic algae",0.00605695435616228
"86","GTM","Mud crab","Benthic algae",0.0109363769192245
"87","GTM","Mud crab","Benthic algae",0.00356234874046049
"88","GTM","Mud crab","Benthic algae",0.0114721252205471
"89","GTM","Mud crab","Benthic algae",0.00224092589705111
"90","GTM","Mud crab","Benthic algae",0.0259574389961461
"91","GTM","Mud crab","Benthic algae",0.0153109976550565
"92","GTM","Mud crab","Benthic algae",0.0106382753757449
"93","GTM","Mud crab","Benthic algae",0.011219269848843
"94","GTM","Mud crab","Benthic algae",0.00764520652414541
"95","GTM","Mud crab","Benthic algae",0.0338641671332604
"96","GTM","Mud crab","Benthic algae",0.00510866113167387
"97","GTM","Mud crab","Benthic algae",0.0140699422515244
"98","GTM","Mud crab","Benthic algae",0.00181069926779424
"99","GTM","Mud crab","Benthic algae",0.0253811463812211
"100","GTM","Mud crab","Benthic algae",0.0221549803033171
"101","GTM","Oyster","Benthic algae",0.00519423189892728
"102","GTM","Oyster","Benthic algae",0.0125981163421837
"103","GTM","Oyster","Benthic algae",0.0163476693729157
"104","GTM","Oyster","Benthic algae",0.00603963603013063
"105","GTM","Oyster","Benthic algae",0.00505583769205697
"106","GTM","Oyster","Benthic algae",0.00173399028810844
"107","GTM","Oyster","Benthic algae",0.00200778766753218
"108","GTM","Oyster","Benthic algae",0.0046591691856893
"109","GTM","Oyster","Benthic algae",0.0148135494576108
"110","GTM","Oyster","Benthic algae",0.00253041929881472
"111","GTM","Oyster","Benthic algae",0.00931031543603122
"112","GTM","Oyster","Benthic algae",0.00266079162204589
"113","GTM","Oyster","Benthic algae",0.0108356776226763
"114","GTM","Oyster","Benthic algae",0.00725212530690488
"115","GTM","Oyster","Benthic algae",0.00427357889603496
"116","GTM","Oyster","Benthic algae",0.00826533328215785
"117","GTM","Oyster","Benthic algae",0.00896604533252942
"118","GTM","Oyster","Benthic algae",0.000116903958417182
"119","GTM","Oyster","Benthic algae",0.00532006639284513
"120","GTM","Oyster","Benthic algae",0.00309827974456247
"121","GTM","Oyster","Benthic algae",0.0131948775828926
"122","GTM","Oyster","Benthic algae",0.000392819521143563
"123","GTM","Oyster","Benthic algae",0.0123420087557998
"124","GTM","Oyster","Benthic algae",0.0101243383369888
"125","GTM","Oyster","Benthic algae",0.0066624179849201
"126","GTM","Oyster","Benthic algae",0.000903244561168637
"127","GTM","Oyster","Benthic algae",0.0020717898294552
"128","GTM","Oyster","Benthic algae",0.0133831342090826
"129","GTM","Oyster","Benthic algae",0.0109146556344939
"130","GTM","Oyster","Benthic algae",0.0062506400685125
"131","GTM","Oyster","Benthic algae",0.00745435041854887
"132","GTM","Oyster","Benthic algae",0.00264111327243096
"133","GTM","Oyster","Benthic algae",0.000889205252244748
"134","GTM","Oyster","Benthic algae",0.00482225463052522
"135","GTM","Oyster","Benthic algae",0.00331740682116348
"136","GTM","Oyster","Benthic algae",0.00846198596518095
"137","GTM","Oyster","Benthic algae",0.00872368293873795
"138","GTM","Oyster","Benthic algae",0.0124114318153241
"139","GTM","Oyster","Benthic algae",0.00806768002960412
"140","GTM","Oyster","Benthic algae",0.0106556815798294
"141","GTM","Oyster","Benthic algae",0.00477107947072299
"142","GTM","Oyster","Benthic algae",0.00256623132972577
"143","GTM","Oyster","Benthic algae",0.00478380708442124
"144","GTM","Oyster","Benthic algae",0.00193414789496412
"145","GTM","Oyster","Benthic algae",0.00768561643519231
"146","GTM","Oyster","Benthic algae",0.0054759365039355
"147","GTM","Oyster","Benthic algae",0.0105484781567287
"148","GTM","Oyster","Benthic algae",0.00682314450380428
"149","GTM","Oyster","Benthic algae",0.00354901941976273
"150","GTM","Oyster","Benthic algae",0.00693351557401333
"151","GTM","Oyster","Benthic algae",0.00459995172169726
"152","GTM","Oyster","Benthic algae",0.00370354302465596
"153","GTM","Oyster","Benthic algae",0.0104222431333867
"154","GTM","Oyster","Benthic algae",0.00566140131916655
"155","GTM","Oyster","Benthic algae",0.00737611112291117
"156","GTM","Oyster","Benthic algae",0.0043057608546757
"157","GTM","Oyster","Benthic algae",0.00912120849674812
"158","GTM","Oyster","Benthic algae",0.00572255303079969
"159","GTM","Oyster","Benthic algae",0.0136596707461029
"160","GTM","Oyster","Benthic algae",0.00742840221148787
"161","GTM","Oyster","Benthic algae",0.00778653749967636
"162","GTM","Oyster","Benthic algae",0.00697765141158554
"163","GTM","Oyster","Benthic algae",0.00605311836949368
"164","GTM","Oyster","Benthic algae",0.0144248073222976
"165","GTM","Oyster","Benthic algae",0.0120389824063683
"166","GTM","Oyster","Benthic algae",0.00494265481502154
"167","GTM","Oyster","Benthic algae",0.0145583190502577
"168","GTM","Oyster","Benthic algae",0.00982497356063916
"169","GTM","Oyster","Benthic algae",0.000884078963681251
"170","GTM","Oyster","Benthic algae",0.00772631854486391
"171","GTM","Oyster","Benthic algae",0.0113984695609819
"172","GTM","Oyster","Benthic algae",0.012409345254217
"173","GTM","Oyster","Benthic algae",0.00138376823629341
"174","GTM","Oyster","Benthic algae",0.00878466944409628
"175","GTM","Oyster","Benthic algae",0.00502812516611764
"176","GTM","Oyster","Benthic algae",0.00437222007570314
"177","GTM","Oyster","Benthic algae",0.000812295367489677
"178","GTM","Oyster","Benthic algae",0.0120239277104888
"179","GTM","Oyster","Benthic algae",0.00433655204991126
"180","GTM","Oyster","Benthic algae",0.0113578176344457
"181","GTM","Oyster","Benthic algae",0.0102251511583791
"182","GTM","Oyster","Benthic algae",0.00625248409637669
"183","GTM","Oyster","Benthic algae",0.0128814996389584
"184","GTM","Oyster","Benthic algae",0.00381521338247929
"185","GTM","Oyster","Benthic algae",0.000677271145681607
"186","GTM","Oyster","Benthic algae",0.0102411873214509
"187","GTM","Oyster","Benthic algae",0.00321753575580038
"188","GTM","Oyster","Benthic algae",0.000287050739813658
"189","GTM","Oyster","Benthic algae",0.00101882698809934
"190","GTM","Oyster","Benthic algae",0.0120767779297051
"191","GTM","Oyster","Benthic algae",0.00594894738326411
"192","GTM","Oyster","Benthic algae",0.0106300115921655
"193","GTM","Oyster","Benthic algae",0.00768145336008158
"194","GTM","Oyster","Benthic algae",0.00164754916452136
"195","GTM","Oyster","Benthic algae",0.00697701622543799
"196","GTM","Oyster","Benthic algae",0.0037326748744921
"197","GTM","Oyster","Benthic algae",0.0113272171014368
"198","GTM","Oyster","Benthic algae",0.0090440909780144
"199","GTM","Oyster","Benthic algae",0.00232129875928715
"200","GTM","Oyster","Benthic algae",0.00208513526366141
"201","NC","Mud crab","Benthic algae",0.0858614491497554
"202","NC","Mud crab","Benthic algae",0.142686442025283
"203","NC","Mud crab","Benthic algae",0.0986791728300849
"204","NC","Mud crab","Benthic algae",0.0882613321585849
"205","NC","Mud crab","Benthic algae",0.084883227406698
"206","NC","Mud crab","Benthic algae",0.0429869353670911
"207","NC","Mud crab","Benthic algae",0.0439786303892877
"208","NC","Mud crab","Benthic algae",0.023053714207643
"209","NC","Mud crab","Benthic algae",0.145946189991074
"210","NC","Mud crab","Benthic algae",0.0741593527098561
"211","NC","Mud crab","Benthic algae",0.100303603923001
"212","NC","Mud crab","Benthic algae",0.106303848105366
"213","NC","Mud crab","Benthic algae",0.018482523460315
"214","NC","Mud crab","Benthic algae",0.112976968769879
"215","NC","Mud crab","Benthic algae",0.0861896346492615
"216","NC","Mud crab","Benthic algae",0.0326926372743144
"217","NC","Mud crab","Benthic algae",0.095028803051448
"218","NC","Mud crab","Benthic algae",0.122801420424428
"219","NC","Mud crab","Benthic algae",0.0982909621580233
"220","NC","Mud crab","Benthic algae",0.100628825868576
"221","NC","Mud crab","Benthic algae",0.0593344832768251
"222","NC","Mud crab","Benthic algae",0.188897024479697
"223","NC","Mud crab","Benthic algae",0.0370200152020999
"224","NC","Mud crab","Benthic algae",0.147575742439365
"225","NC","Mud crab","Benthic algae",0.062710589137527
"226","NC","Mud crab","Benthic algae",0.0983388418420719
"227","NC","Mud crab","Benthic algae",0.157537250260031
"228","NC","Mud crab","Benthic algae",0.0346054053212289
"229","NC","Mud crab","Benthic algae",0.0584215346182645
"230","NC","Mud crab","Benthic algae",0.0168151681137553
"231","NC","Mud crab","Benthic algae",0.0682158159310524
"232","NC","Mud crab","Benthic algae",0.104307452401559
"233","NC","Mud crab","Benthic algae",0.0721406136369937
"234","NC","Mud crab","Benthic algae",0.0729514577864309
"235","NC","Mud crab","Benthic algae",0.0577303379220155
"236","NC","Mud crab","Benthic algae",0.126935698054445
"237","NC","Mud crab","Benthic algae",0.103050818472456
"238","NC","Mud crab","Benthic algae",0.0660411484687931
"239","NC","Mud crab","Benthic algae",0.0445416133498208
"240","NC","Mud crab","Benthic algae",0.1227144863075
"241","NC","Mud crab","Benthic algae",0.0711164791612805
"242","NC","Mud crab","Benthic algae",0.102619096956223
"243","NC","Mud crab","Benthic algae",0.0710017390889994
"244","NC","Mud crab","Benthic algae",0.0216472189312
"245","NC","Mud crab","Benthic algae",0.0266054639830819
"246","NC","Mud crab","Benthic algae",0.0283137144394626
"247","NC","Mud crab","Benthic algae",0.0324265906626491
"248","NC","Mud crab","Benthic algae",0.0339400832629853
"249","NC","Mud crab","Benthic algae",0.024531107508956
"250","NC","Mud crab","Benthic algae",0.0431765490049794
"251","NC","Mud crab","Benthic algae",0.0634483428683541
"252","NC","Mud crab","Benthic algae",0.0200767042950235
"253","NC","Mud crab","Benthic algae",0.10210166261514
"254","NC","Mud crab","Benthic algae",0.123194269659795
"255","NC","Mud crab","Benthic algae",0.0808269521520488
"256","NC","Mud crab","Benthic algae",0.0855115156889183
"257","NC","Mud crab","Benthic algae",0.040684287536584
"258","NC","Mud crab","Benthic algae",0.138546346693159
"259","NC","Mud crab","Benthic algae",0.00656589068980858
"260","NC","Mud crab","Benthic algae",0.00875502788406698
"261","NC","Mud crab","Benthic algae",0.0899621750206258
"262","NC","Mud crab","Benthic algae",0.0490983268341912
"263","NC","Mud crab","Benthic algae",0.0585134394780163
"264","NC","Mud crab","Benthic algae",0.0392566193516462
"265","NC","Mud crab","Benthic algae",0.0989004009745603
"266","NC","Mud crab","Benthic algae",0.133994629617329
"267","NC","Mud crab","Benthic algae",0.0514398338072018
"268","NC","Mud crab","Benthic algae",0.109859547412465
"269","NC","Mud crab","Benthic algae",0.0884916142344816
"270","NC","Mud crab","Benthic algae",0.00990122520260573
"271","NC","Mud crab","Benthic algae",0.0639249237016487
"272","NC","Mud crab","Benthic algae",0.121905219996277
"273","NC","Mud crab","Benthic algae",0.165704142513162
"274","NC","Mud crab","Benthic algae",0.102558100096944
"275","NC","Mud crab","Benthic algae",0.0779504606606014
"276","NC","Mud crab","Benthic algae",0.0411124456382768
"277","NC","Mud crab","Benthic algae",0.0304478370028671
"278","NC","Mud crab","Benthic algae",0.0301385363810925
"279","NC","Mud crab","Benthic algae",0.173228219000231
"280","NC","Mud crab","Benthic algae",0.00798673710177686
"281","NC","Mud crab","Benthic algae",0.0799223120215964
"282","NC","Mud crab","Benthic algae",0.0651894163341221
"283","NC","Mud crab","Benthic algae",0.034701665154568
"284","NC","Mud crab","Benthic algae",0.0279895163778595
"285","NC","Mud crab","Benthic algae",0.0476422414614971
"286","NC","Mud crab","Benthic algae",0.0663997229408589
"287","NC","Mud crab","Benthic algae",0.111249374054828
"288","NC","Mud crab","Benthic algae",0.0281398616137434
"289","NC","Mud crab","Benthic algae",0.0119907259723097
"290","NC","Mud crab","Benthic algae",0.084121646038433
"291","NC","Mud crab","Benthic algae",0.085160240816707
"292","NC","Mud crab","Benthic algae",0.0120909747775536
"293","NC","Mud crab","Benthic algae",0.0991304800121323
"294","NC","Mud crab","Benthic algae",0.0307104117478228
"295","NC","Mud crab","Benthic algae",0.060844500878623
"296","NC","Mud crab","Benthic algae",0.0817446075515193
"297","NC","Mud crab","Benthic algae",0.0925559659530043
"298","NC","Mud crab","Benthic algae",0.102201362798084
"299","NC","Mud crab","Benthic algae",0.0131157113053215
"300","NC","Mud crab","Benthic algae",0.0929125185701795
"301","NC","Oyster","Benthic algae",0.216338833913294
"302","NC","Oyster","Benthic algae",0.275906411327415
"303","NC","Oyster","Benthic algae",0.0512625257810488
"304","NC","Oyster","Benthic algae",0.0427510867287784
"305","NC","Oyster","Benthic algae",0.122649648977217
"306","NC","Oyster","Benthic algae",0.259258400089496
"307","NC","Oyster","Benthic algae",0.132647118984264
"308","NC","Oyster","Benthic algae",0.215682290345571
"309","NC","Oyster","Benthic algae",0.133171334225326
"310","NC","Oyster","Benthic algae",0.0487122831508256
"311","NC","Oyster","Benthic algae",0.231234732662031
"312","NC","Oyster","Benthic algae",0.17035370306712
"313","NC","Oyster","Benthic algae",0.016676593070498
"314","NC","Oyster","Benthic algae",0.110493828979717
"315","NC","Oyster","Benthic algae",0.162663193477941
"316","NC","Oyster","Benthic algae",0.156606958621833
"317","NC","Oyster","Benthic algae",0.0764820230572152
"318","NC","Oyster","Benthic algae",0.205804570869432
"319","NC","Oyster","Benthic algae",0.130732456009859
"320","NC","Oyster","Benthic algae",0.120236784369699
"321","NC","Oyster","Benthic algae",0.171274209574432
"322","NC","Oyster","Benthic algae",0.208062134006735
"323","NC","Oyster","Benthic algae",0.0837306858764711
"324","NC","Oyster","Benthic algae",0.218901375332749
"325","NC","Oyster","Benthic algae",0.113512814968457
"326","NC","Oyster","Benthic algae",0.235605385480852
"327","NC","Oyster","Benthic algae",0.0267541716946326
"328","NC","Oyster","Benthic algae",0.20564836476019
"329","NC","Oyster","Benthic algae",0.098970164502582
"330","NC","Oyster","Benthic algae",0.150088428370429
"331","NC","Oyster","Benthic algae",0.228193389226407
"332","NC","Oyster","Benthic algae",0.105415449867769
"333","NC","Oyster","Benthic algae",0.0662073468622201
"334","NC","Oyster","Benthic algae",0.123794008558639
"335","NC","Oyster","Benthic algae",0.0532985172133295
"336","NC","Oyster","Benthic algae",0.158433382496963
"337","NC","Oyster","Benthic algae",0.252700160888539
"338","NC","Oyster","Benthic algae",0.118553942444483
"339","NC","Oyster","Benthic algae",0.156265255453308
"340","NC","Oyster","Benthic algae",0.0679594050715455
"341","NC","Oyster","Benthic algae",0.144818672345415
"342","NC","Oyster","Benthic algae",0.167388574232308
"343","NC","Oyster","Benthic algae",0.156932233051335
"344","NC","Oyster","Benthic algae",0.0338450177481039
"345","NC","Oyster","Benthic algae",0.180828011218358
"346","NC","Oyster","Benthic algae",0.187866245935212
"347","NC","Oyster","Benthic algae",0.144607187486815
"348","NC","Oyster","Benthic algae",0.226449268925594
"349","NC","Oyster","Benthic algae",0.145519660701291
"350","NC","Oyster","Benthic algae",0.11106552949079
"351","NC","Oyster","Benthic algae",0.172764581986385
"352","NC","Oyster","Benthic algae",0.242656026005117
"353","NC","Oyster","Benthic algae",0.253214967457902
"354","NC","Oyster","Benthic algae",0.240220204504874
"355","NC","Oyster","Benthic algae",0.1473334410607
"356","NC","Oyster","Benthic algae",0.159942330967521
"357","NC","Oyster","Benthic algae",0.274397765455023
"358","NC","Oyster","Benthic algae",0.0776339239444887
"359","NC","Oyster","Benthic algae",0.106267742454486
"360","NC","Oyster","Benthic algae",0.138230776268199
"361","NC","Oyster","Benthic algae",0.142272369133132
"362","NC","Oyster","Benthic algae",0.246311420812965
"363","NC","Oyster","Benthic algae",0.0683654565823596
"364","NC","Oyster","Benthic algae",0.144059734884095
"365","NC","Oyster","Benthic algae",0.108003598401605
"366","NC","Oyster","Benthic algae",0.137277525026312
"367","NC","Oyster","Benthic algae",0.171348465251223
"368","NC","Oyster","Benthic algae",0.199530300345531
"369","NC","Oyster","Benthic algae",0.201666017641041
"370","NC","Oyster","Benthic algae",0.253963212038406
"371","NC","Oyster","Benthic algae",0.0430172842543117
"372","NC","Oyster","Benthic algae",0.194443664145871
"373","NC","Oyster","Benthic algae",0.111594995378014
"374","NC","Oyster","Benthic algae",0.10175422189332
"375","NC","Oyster","Benthic algae",0.0507651292431654
"376","NC","Oyster","Benthic algae",0.18201165896892
"377","NC","Oyster","Benthic algae",0.172428064565661
"378","NC","Oyster","Benthic algae",0.141304206606436
"379","NC","Oyster","Benthic algae",0.0425755969926004
"380","NC","Oyster","Benthic algae",0.152022419102902
"381","NC","Oyster","Benthic algae",0.15720150188158
"382","NC","Oyster","Benthic algae",0.0884574310612266
"383","NC","Oyster","Benthic algae",0.152853674811629
"384","NC","Oyster","Benthic algae",0.036998196606312
"385","NC","Oyster","Benthic algae",0.147630926579249
"386","NC","Oyster","Benthic algae",0.0114526657390255
"387","NC","Oyster","Benthic algae",0.221206779277459
"388","NC","Oyster","Benthic algae",0.11337146207588
"389","NC","Oyster","Benthic algae",0.0776736955661503
"390","NC","Oyster","Benthic algae",0.134285878514368
"391","NC","Oyster","Benthic algae",0.120858627744141
"392","NC","Oyster","Benthic algae",0.179525865396431
"393","NC","Oyster","Benthic algae",0.084963436727012
"394","NC","Oyster","Benthic algae",0.134877921055
"395","NC","Oyster","Benthic algae",0.0848221592422955
"396","NC","Oyster","Benthic algae",0.193716492008236
"397","NC","Oyster","Benthic algae",0.191983994931329
"398","NC","Oyster","Benthic algae",0.227688651017482
"399","NC","Oyster","Benthic algae",0.183356602349978
"400","NC","Oyster","Benthic algae",0.0371768218737112
"401","NI","Mud crab","Benthic algae",0.292051089573525
"402","NI","Mud crab","Benthic algae",0.24595275568515
"403","NI","Mud crab","Benthic algae",0.281045247446309
"404","NI","Mud crab","Benthic algae",0.303925165672793
"405","NI","Mud crab","Benthic algae",0.23958153520715
"406","NI","Mud crab","Benthic algae",0.229410818238453
"407","NI","Mud crab","Benthic algae",0.267888765216848
"408","NI","Mud crab","Benthic algae",0.309567214294415
"409","NI","Mud crab","Benthic algae",0.255002868810554
"410","NI","Mud crab","Benthic algae",0.271373532323371
"411","NI","Mud crab","Benthic algae",0.271432062773335
"412","NI","Mud crab","Benthic algae",0.249810246536786
"413","NI","Mud crab","Benthic algae",0.243349719459446
"414","NI","Mud crab","Benthic algae",0.233470964871735
"415","NI","Mud crab","Benthic algae",0.271801933786007
"416","NI","Mud crab","Benthic algae",0.265359867552818
"417","NI","Mud crab","Benthic algae",0.264748986440066
"418","NI","Mud crab","Benthic algae",0.263331593989956
"419","NI","Mud crab","Benthic algae",0.286311494124742
"420","NI","Mud crab","Benthic algae",0.278989446424983
"421","NI","Mud crab","Benthic algae",0.286900940232333
"422","NI","Mud crab","Benthic algae",0.329941038838737
"423","NI","Mud crab","Benthic algae",0.313109109629734
"424","NI","Mud crab","Benthic algae",0.29064773531672
"425","NI","Mud crab","Benthic algae",0.219056112926732
"426","NI","Mud crab","Benthic algae",0.288859630110207
"427","NI","Mud crab","Benthic algae",0.276471617201663
"428","NI","Mud crab","Benthic algae",0.227847345137186
"429","NI","Mud crab","Benthic algae",0.276381837309111
"430","NI","Mud crab","Benthic algae",0.261952889346422
"431","NI","Mud crab","Benthic algae",0.253560451448207
"432","NI","Mud crab","Benthic algae",0.30117820022469
"433","NI","Mud crab","Benthic algae",0.262462055906879
"434","NI","Mud crab","Benthic algae",0.291125635966698
"435","NI","Mud crab","Benthic algae",0.298640057119362
"436","NI","Mud crab","Benthic algae",0.246986925050449
"437","NI","Mud crab","Benthic algae",0.271422849972808
"438","NI","Mud crab","Benthic algae",0.284857721725781
"439","NI","Mud crab","Benthic algae",0.252043694194612
"440","NI","Mud crab","Benthic algae",0.290354383512602
"441","NI","Mud crab","Benthic algae",0.286360344900962
"442","NI","Mud crab","Benthic algae",0.267031269081423
"443","NI","Mud crab","Benthic algae",0.320360818426163
"444","NI","Mud crab","Benthic algae",0.256932394347054
"445","NI","Mud crab","Benthic algae",0.275089780123508
"446","NI","Mud crab","Benthic algae",0.278983043647492
"447","NI","Mud crab","Benthic algae",0.24426878353924
"448","NI","Mud crab","Benthic algae",0.269649608385828
"449","NI","Mud crab","Benthic algae",0.292435757514904
"450","NI","Mud crab","Benthic algae",0.327358131620254
"451","NI","Mud crab","Benthic algae",0.28373797885767
"452","NI","Mud crab","Benthic algae",0.2630887923489
"453","NI","Mud crab","Benthic algae",0.286441399914371
"454","NI","Mud crab","Benthic algae",0.244963157293844
"455","NI","Mud crab","Benthic algae",0.264615428042618
"456","NI","Mud crab","Benthic algae",0.224733604712823
"457","NI","Mud crab","Benthic algae",0.261617694580366
"458","NI","Mud crab","Benthic algae",0.327514335965245
"459","NI","Mud crab","Benthic algae",0.287887949923056
"460","NI","Mud crab","Benthic algae",0.297351443448558
"461","NI","Mud crab","Benthic algae",0.24380193581464
"462","NI","Mud crab","Benthic algae",0.260938055267072
"463","NI","Mud crab","Benthic algae",0.256581544020855
"464","NI","Mud crab","Benthic algae",0.252869632637303
"465","NI","Mud crab","Benthic algae",0.302494292661459
"466","NI","Mud crab","Benthic algae",0.212261615254811
"467","NI","Mud crab","Benthic algae",0.302957169371806
"468","NI","Mud crab","Benthic algae",0.3075038079069
"469","NI","Mud crab","Benthic algae",0.241762012281038
"470","NI","Mud crab","Benthic algae",0.23987399452649
"471","NI","Mud crab","Benthic algae",0.241953804589464
"472","NI","Mud crab","Benthic algae",0.291506566686069
"473","NI","Mud crab","Benthic algae",0.299019775910102
"474","NI","Mud crab","Benthic algae",0.294289369550322
"475","NI","Mud crab","Benthic algae",0.239868482017202
"476","NI","Mud crab","Benthic algae",0.309995753117425
"477","NI","Mud crab","Benthic algae",0.242195786061178
"478","NI","Mud crab","Benthic algae",0.305106023534101
"479","NI","Mud crab","Benthic algae",0.220653265262249
"480","NI","Mud crab","Benthic algae",0.276687684970866
"481","NI","Mud crab","Benthic algae",0.268173345312703
"482","NI","Mud crab","Benthic algae",0.285354601739158
"483","NI","Mud crab","Benthic algae",0.315762129685674
"484","NI","Mud crab","Benthic algae",0.241805829983496
"485","NI","Mud crab","Benthic algae",0.259681843769069
"486","NI","Mud crab","Benthic algae",0.270998649827153
"487","NI","Mud crab","Benthic algae",0.258735722217072
"488","NI","Mud crab","Benthic algae",0.279641758840165
"489","NI","Mud crab","Benthic algae",0.282026142932126
"490","NI","Mud crab","Benthic algae",0.28028672738883
"491","NI","Mud crab","Benthic algae",0.288758956761795
"492","NI","Mud crab","Benthic algae",0.22786191885851
"493","NI","Mud crab","Benthic algae",0.259151687752156
"494","NI","Mud crab","Benthic algae",0.286080398763825
"495","NI","Mud crab","Benthic algae",0.273100829266346
"496","NI","Mud crab","Benthic algae",0.298770275274043
"497","NI","Mud crab","Benthic algae",0.309153155242652
"498","NI","Mud crab","Benthic algae",0.254361486171553
"499","NI","Mud crab","Benthic algae",0.293396462230657
"500","NI","Mud crab","Benthic algae",0.247194444424245
"501","NI","Oyster","Benthic algae",0.500582917540341
"502","NI","Oyster","Benthic algae",0.538108018389897
"503","NI","Oyster","Benthic algae",0.544909991969422
"504","NI","Oyster","Benthic algae",0.543009240506399
"505","NI","Oyster","Benthic algae",0.567437410118901
"506","NI","Oyster","Benthic algae",0.52754972387942
"507","NI","Oyster","Benthic algae",0.489821908576716
"508","NI","Oyster","Benthic algae",0.501506006447529
"509","NI","Oyster","Benthic algae",0.562194588904454
"510","NI","Oyster","Benthic algae",0.580535712130452
"511","NI","Oyster","Benthic algae",0.615986086045508
"512","NI","Oyster","Benthic algae",0.484540617494068
"513","NI","Oyster","Benthic algae",0.503976643253024
"514","NI","Oyster","Benthic algae",0.538871847438298
"515","NI","Oyster","Benthic algae",0.522097634883729
"516","NI","Oyster","Benthic algae",0.516502080799127
"517","NI","Oyster","Benthic algae",0.488987189479749
"518","NI","Oyster","Benthic algae",0.512742453548795
"519","NI","Oyster","Benthic algae",0.56942619210734
"520","NI","Oyster","Benthic algae",0.633726581472304
"521","NI","Oyster","Benthic algae",0.595331698532781
"522","NI","Oyster","Benthic algae",0.501721645762012
"523","NI","Oyster","Benthic algae",0.602048444836167
"524","NI","Oyster","Benthic algae",0.602921474009592
"525","NI","Oyster","Benthic algae",0.497077003314162
"526","NI","Oyster","Benthic algae",0.552305473914159
"527","NI","Oyster","Benthic algae",0.487675801925306
"528","NI","Oyster","Benthic algae",0.521510089733676
"529","NI","Oyster","Benthic algae",0.557346937808698
"530","NI","Oyster","Benthic algae",0.576167098788053
"531","NI","Oyster","Benthic algae",0.585245792773708
"532","NI","Oyster","Benthic algae",0.551647987156321
"533","NI","Oyster","Benthic algae",0.606443967686396
"534","NI","Oyster","Benthic algae",0.490758545437792
"535","NI","Oyster","Benthic algae",0.543671397961562
"536","NI","Oyster","Benthic algae",0.488613045846901
"537","NI","Oyster","Benthic algae",0.521732579401332
"538","NI","Oyster","Benthic algae",0.556599873895948
"539","NI","Oyster","Benthic algae",0.526032750361083
"540","NI","Oyster","Benthic algae",0.467381279477758
"541","NI","Oyster","Benthic algae",0.578141231392006
"542","NI","Oyster","Benthic algae",0.491191719123067
"543","NI","Oyster","Benthic algae",0.475462021742787
"544","NI","Oyster","Benthic algae",0.499203025492898
"545","NI","Oyster","Benthic algae",0.550566619885583
"546","NI","Oyster","Benthic algae",0.609582194770679
"547","NI","Oyster","Benthic algae",0.58464140558273
"548","NI","Oyster","Benthic algae",0.531543072576723
"549","NI","Oyster","Benthic algae",0.435014540726858
"550","NI","Oyster","Benthic algae",0.483075637779833
"551","NI","Oyster","Benthic algae",0.595162342295165
"552","NI","Oyster","Benthic algae",0.527777810712486
"553","NI","Oyster","Benthic algae",0.57858750583748
"554","NI","Oyster","Benthic algae",0.585534483502366
"555","NI","Oyster","Benthic algae",0.468362576883908
"556","NI","Oyster","Benthic algae",0.529224920841587
"557","NI","Oyster","Benthic algae",0.487484279988994
"558","NI","Oyster","Benthic algae",0.542487591450414
"559","NI","Oyster","Benthic algae",0.555487520576489
"560","NI","Oyster","Benthic algae",0.415533431762341
"561","NI","Oyster","Benthic algae",0.481625894932306
"562","NI","Oyster","Benthic algae",0.559627107852997
"563","NI","Oyster","Benthic algae",0.536522141222142
"564","NI","Oyster","Benthic algae",0.508015863053742
"565","NI","Oyster","Benthic algae",0.614882339955873
"566","NI","Oyster","Benthic algae",0.459197264557923
"567","NI","Oyster","Benthic algae",0.506727978945205
"568","NI","Oyster","Benthic algae",0.512823670849483
"569","NI","Oyster","Benthic algae",0.498861665006947
"570","NI","Oyster","Benthic algae",0.529141135716535
"571","NI","Oyster","Benthic algae",0.514471440242207
"572","NI","Oyster","Benthic algae",0.482984490288554
"573","NI","Oyster","Benthic algae",0.601042766094797
"574","NI","Oyster","Benthic algae",0.661969882373028
"575","NI","Oyster","Benthic algae",0.564031550285625
"576","NI","Oyster","Benthic algae",0.587551781427464
"577","NI","Oyster","Benthic algae",0.518340450357231
"578","NI","Oyster","Benthic algae",0.491885396050415
"579","NI","Oyster","Benthic algae",0.484299346075321
"580","NI","Oyster","Benthic algae",0.48182923624017
"581","NI","Oyster","Benthic algae",0.514298187919222
"582","NI","Oyster","Benthic algae",0.475732087014033
"583","NI","Oyster","Benthic algae",0.579681939708319
"584","NI","Oyster","Benthic algae",0.57806806420499
"585","NI","Oyster","Benthic algae",0.474405787923848
"586","NI","Oyster","Benthic algae",0.517043566072016
"587","NI","Oyster","Benthic algae",0.60513385319435
"588","NI","Oyster","Benthic algae",0.528298921484247
"589","NI","Oyster","Benthic algae",0.624691173672118
"590","NI","Oyster","Benthic algae",0.523123306385243
"591","NI","Oyster","Benthic algae",0.43954351814526
"592","NI","Oyster","Benthic algae",0.582100219556227
"593","NI","Oyster","Benthic algae",0.520935793454785
"594","NI","Oyster","Benthic algae",0.437011915259266
"595","NI","Oyster","Benthic algae",0.521361067958307
"596","NI","Oyster","Benthic algae",0.604360023389202
"597","NI","Oyster","Benthic algae",0.458028813898538
"598","NI","Oyster","Benthic algae",0.52285473897678
"599","NI","Oyster","Benthic algae",0.585750451525076
"600","NI","Oyster","Benthic algae",0.463509291146901
"601","SI","Mud crab","Benthic algae",0.821695490329423
"602","SI","Mud crab","Benthic algae",0.722890332493516
"603","SI","Mud crab","Benthic algae",0.80541437283261
"604","SI","Mud crab","Benthic algae",0.815809865785758
"605","SI","Mud crab","Benthic algae",0.731218612876994
"606","SI","Mud crab","Benthic algae",0.813299485630268
"607","SI","Mud crab","Benthic algae",0.757574446585087
"608","SI","Mud crab","Benthic algae",0.819113124571666
"609","SI","Mud crab","Benthic algae",0.737620643305106
"610","SI","Mud crab","Benthic algae",0.77395745032339
"611","SI","Mud crab","Benthic algae",0.774705310623826
"612","SI","Mud crab","Benthic algae",0.808044283491898
"613","SI","Mud crab","Benthic algae",0.774641092237637
"614","SI","Mud crab","Benthic algae",0.752367849832845
"615","SI","Mud crab","Benthic algae",0.799022776782026
"616","SI","Mud crab","Benthic algae",0.792920852550793
"617","SI","Mud crab","Benthic algae",0.776212952952592
"618","SI","Mud crab","Benthic algae",0.720619244888701
"619","SI","Mud crab","Benthic algae",0.687872661682892
"620","SI","Mud crab","Benthic algae",0.854534362887281
"621","SI","Mud crab","Benthic algae",0.711958827651586
"622","SI","Mud crab","Benthic algae",0.775816017080592
"623","SI","Mud crab","Benthic algae",0.74545041411144
"624","SI","Mud crab","Benthic algae",0.737655155280136
"625","SI","Mud crab","Benthic algae",0.821895134141015
"626","SI","Mud crab","Benthic algae",0.879438470578569
"627","SI","Mud crab","Benthic algae",0.879785949300601
"628","SI","Mud crab","Benthic algae",0.819385937001592
"629","SI","Mud crab","Benthic algae",0.913846504152275
"630","SI","Mud crab","Benthic algae",0.905823530401676
"631","SI","Mud crab","Benthic algae",0.771557149927273
"632","SI","Mud crab","Benthic algae",0.831814601397122
"633","SI","Mud crab","Benthic algae",0.852047779621996
"634","SI","Mud crab","Benthic algae",0.869000383013922
"635","SI","Mud crab","Benthic algae",0.788168737611305
"636","SI","Mud crab","Benthic algae",0.77569686897238
"637","SI","Mud crab","Benthic algae",0.792923926406656
"638","SI","Mud crab","Benthic algae",0.807859577768946
"639","SI","Mud crab","Benthic algae",0.71583282484223
"640","SI","Mud crab","Benthic algae",0.86003959007573
"641","SI","Mud crab","Benthic algae",0.803027950356192
"642","SI","Mud crab","Benthic algae",0.785922345554618
"643","SI","Mud crab","Benthic algae",0.711383189953496
"644","SI","Mud crab","Benthic algae",0.805142219360741
"645","SI","Mud crab","Benthic algae",0.89789561381896
"646","SI","Mud crab","Benthic algae",0.87331179357612
"647","SI","Mud crab","Benthic algae",0.832485020517701
"648","SI","Mud crab","Benthic algae",0.79708484318822
"649","SI","Mud crab","Benthic algae",0.733029667343265
"650","SI","Mud crab","Benthic algae",0.684514858837241
"651","SI","Mud crab","Benthic algae",0.765878349090047
"652","SI","Mud crab","Benthic algae",0.820750378095958
"653","SI","Mud crab","Benthic algae",0.772100234625796
"654","SI","Mud crab","Benthic algae",0.793035607288711
"655","SI","Mud crab","Benthic algae",0.849622988864004
"656","SI","Mud crab","Benthic algae",0.748269355522952
"657","SI","Mud crab","Benthic algae",0.825748767519126
"658","SI","Mud crab","Benthic algae",0.828602082463362
"659","SI","Mud crab","Benthic algae",0.87882158251792
"660","SI","Mud crab","Benthic algae",0.677409512915855
"661","SI","Mud crab","Benthic algae",0.740332079971535
"662","SI","Mud crab","Benthic algae",0.788991465747152
"663","SI","Mud crab","Benthic algae",0.847829378686898
"664","SI","Mud crab","Benthic algae",0.73536952836572
"665","SI","Mud crab","Benthic algae",0.886789361211935
"666","SI","Mud crab","Benthic algae",0.790930869784369
"667","SI","Mud crab","Benthic algae",0.777653976714845
"668","SI","Mud crab","Benthic algae",0.872577085526276
"669","SI","Mud crab","Benthic algae",0.801500089812222
"670","SI","Mud crab","Benthic algae",0.804892422785213
"671","SI","Mud crab","Benthic algae",0.741063959673375
"672","SI","Mud crab","Benthic algae",0.862630938746051
"673","SI","Mud crab","Benthic algae",0.815704742286519
"674","SI","Mud crab","Benthic algae",0.942998799521175
"675","SI","Mud crab","Benthic algae",0.828862908449539
"676","SI","Mud crab","Benthic algae",0.732769642944876
"677","SI","Mud crab","Benthic algae",0.724798705335284
"678","SI","Mud crab","Benthic algae",0.86114437829866
"679","SI","Mud crab","Benthic algae",0.806842051916337
"680","SI","Mud crab","Benthic algae",0.798345259918568
"681","SI","Mud crab","Benthic algae",0.850654264499728
"682","SI","Mud crab","Benthic algae",0.852713418969845
"683","SI","Mud crab","Benthic algae",0.859882910223974
"684","SI","Mud crab","Benthic algae",0.835789217312555
"685","SI","Mud crab","Benthic algae",0.84812779836208
"686","SI","Mud crab","Benthic algae",0.81906940710731
"687","SI","Mud crab","Benthic algae",0.932210381240434
"688","SI","Mud crab","Benthic algae",0.848877413925477
"689","SI","Mud crab","Benthic algae",0.788792447359495
"690","SI","Mud crab","Benthic algae",0.880553970494594
"691","SI","Mud crab","Benthic algae",0.769042132743463
"692","SI","Mud crab","Benthic algae",0.746637054283032
"693","SI","Mud crab","Benthic algae",0.854972464656068
"694","SI","Mud crab","Benthic algae",0.924135377608664
"695","SI","Mud crab","Benthic algae",0.738157719213728
"696","SI","Mud crab","Benthic algae",0.794685710581212
"697","SI","Mud crab","Benthic algae",0.74872373719411
"698","SI","Mud crab","Benthic algae",0.715083213858591
"699","SI","Mud crab","Benthic algae",0.759552377526332
"700","SI","Mud crab","Benthic algae",0.932149407605281
"701","SI","Oyster","Benthic algae",0.753119424768996
"702","SI","Oyster","Benthic algae",0.718292971606882
"703","SI","Oyster","Benthic algae",0.728869847717424
"704","SI","Oyster","Benthic algae",0.949279913593335
"705","SI","Oyster","Benthic algae",0.948561124464566
"706","SI","Oyster","Benthic algae",0.90263237094783
"707","SI","Oyster","Benthic algae",0.880166385886213
"708","SI","Oyster","Benthic algae",0.958228780761356
"709","SI","Oyster","Benthic algae",0.952593635398895
"710","SI","Oyster","Benthic algae",0.777133281298351
"711","SI","Oyster","Benthic algae",0.750749471372484
"712","SI","Oyster","Benthic algae",0.832678558045747
"713","SI","Oyster","Benthic algae",0.629596256295006
"714","SI","Oyster","Benthic algae",0.776903322866912
"715","SI","Oyster","Benthic algae",0.686580118585777
"716","SI","Oyster","Benthic algae",0.661116391645988
"717","SI","Oyster","Benthic algae",0.857560211742703
"718","SI","Oyster","Benthic algae",0.910318541552792
"719","SI","Oyster","Benthic algae",0.73687038965487
"720","SI","Oyster","Benthic algae",0.657082228199819
"721","SI","Oyster","Benthic algae",0.71596778461627
"722","SI","Oyster","Benthic algae",0.714206773348687
"723","SI","Oyster","Benthic algae",0.79482677171727
"724","SI","Oyster","Benthic algae",0.944260338410168
"725","SI","Oyster","Benthic algae",0.752517477708757
"726","SI","Oyster","Benthic algae",0.689664588693132
"727","SI","Oyster","Benthic algae",0.847820960047271
"728","SI","Oyster","Benthic algae",0.676263007769826
"729","SI","Oyster","Benthic algae",0.847852900606483
"730","SI","Oyster","Benthic algae",0.790147787948646
"731","SI","Oyster","Benthic algae",0.793925403946112
"732","SI","Oyster","Benthic algae",0.725819648617817
"733","SI","Oyster","Benthic algae",0.91720357453813
"734","SI","Oyster","Benthic algae",0.911558053125575
"735","SI","Oyster","Benthic algae",0.918180069220812
"736","SI","Oyster","Benthic algae",0.866980823319361
"737","SI","Oyster","Benthic algae",0.753093860971032
"738","SI","Oyster","Benthic algae",0.737418459370044
"739","SI","Oyster","Benthic algae",0.813186511846231
"740","SI","Oyster","Benthic algae",0.907313347822474
"741","SI","Oyster","Benthic algae",0.616578549084563
"742","SI","Oyster","Benthic algae",0.675272085165293
"743","SI","Oyster","Benthic algae",0.940272592012601
"744","SI","Oyster","Benthic algae",0.817442412589918
"745","SI","Oyster","Benthic algae",0.72566583358741
"746","SI","Oyster","Benthic algae",0.734139304170875
"747","SI","Oyster","Benthic algae",0.777478315979262
"748","SI","Oyster","Benthic algae",0.833664051405369
"749","SI","Oyster","Benthic algae",0.699399819574924
"750","SI","Oyster","Benthic algae",0.808446904623405
"751","SI","Oyster","Benthic algae",0.760638170611633
"752","SI","Oyster","Benthic algae",0.766553224997996
"753","SI","Oyster","Benthic algae",0.84104868174267
"754","SI","Oyster","Benthic algae",0.725107848416851
"755","SI","Oyster","Benthic algae",0.972485205701455
"756","SI","Oyster","Benthic algae",0.789011666206774
"757","SI","Oyster","Benthic algae",0.854130993423882
"758","SI","Oyster","Benthic algae",0.705042318732432
"759","SI","Oyster","Benthic algae",0.820948854859734
"760","SI","Oyster","Benthic algae",0.840731010106166
"761","SI","Oyster","Benthic algae",0.762259975004463
"762","SI","Oyster","Benthic algae",0.894026366962459
"763","SI","Oyster","Benthic algae",0.619943829154781
"764","SI","Oyster","Benthic algae",0.874930605972742
"765","SI","Oyster","Benthic algae",0.861975248521421
"766","SI","Oyster","Benthic algae",0.888839787228828
"767","SI","Oyster","Benthic algae",0.693452728337701
"768","SI","Oyster","Benthic algae",0.791602416154428
"769","SI","Oyster","Benthic algae",0.935967078229664
"770","SI","Oyster","Benthic algae",0.699498098538236
"771","SI","Oyster","Benthic algae",0.875136890356299
"772","SI","Oyster","Benthic algae",0.814724086536897
"773","SI","Oyster","Benthic algae",0.969322105090169
"774","SI","Oyster","Benthic algae",0.771261894172885
"775","SI","Oyster","Benthic algae",0.733254641192996
"776","SI","Oyster","Benthic algae",0.66045840541986
"777","SI","Oyster","Benthic algae",0.739321536310609
"778","SI","Oyster","Benthic algae",0.680095266341313
"779","SI","Oyster","Benthic algae",0.751102168750556
"780","SI","Oyster","Benthic algae",0.918818325113116
"781","SI","Oyster","Benthic algae",0.772096873202029
"782","SI","Oyster","Benthic algae",0.84914133387673
"783","SI","Oyster","Benthic algae",0.799906502986586
"784","SI","Oyster","Benthic algae",0.750893507355778
"785","SI","Oyster","Benthic algae",0.698807331526868
"786","SI","Oyster","Benthic algae",0.805388984630068
"787","SI","Oyster","Benthic algae",0.773577430469835
"788","SI","Oyster","Benthic algae",0.624217800722233
"789","SI","Oyster","Benthic algae",0.793921457413393
"790","SI","Oyster","Benthic algae",0.697841741726073
"791","SI","Oyster","Benthic algae",0.798604415061756
"792","SI","Oyster","Benthic algae",0.838244873521105
"793","SI","Oyster","Benthic algae",0.903639021800089
"794","SI","Oyster","Benthic algae",0.764338405925875
"795","SI","Oyster","Benthic algae",0.815141306958478
"796","SI","Oyster","Benthic algae",0.717066338754599
"797","SI","Oyster","Benthic algae",0.643580999338976
"798","SI","Oyster","Benthic algae",0.858948644423525
"799","SI","Oyster","Benthic algae",0.846745195314789
"800","SI","Oyster","Benthic algae",0.861683642069596
"801","GTM","Mud crab","POM",0.59947143441601
"802","GTM","Mud crab","POM",0.534414932429692
"803","GTM","Mud crab","POM",0.52653275654581
"804","GTM","Mud crab","POM",0.579067999607844
"805","GTM","Mud crab","POM",0.588176662963025
"806","GTM","Mud crab","POM",0.535722876872075
"807","GTM","Mud crab","POM",0.578884084019663
"808","GTM","Mud crab","POM",0.578252746572211
"809","GTM","Mud crab","POM",0.573687881690469
"810","GTM","Mud crab","POM",0.577903275824995
"811","GTM","Mud crab","POM",0.524384963487949
"812","GTM","Mud crab","POM",0.531849326798091
"813","GTM","Mud crab","POM",0.522231607663553
"814","GTM","Mud crab","POM",0.597232155691609
"815","GTM","Mud crab","POM",0.529329988094091
"816","GTM","Mud crab","POM",0.55313374307758
"817","GTM","Mud crab","POM",0.544367624957441
"818","GTM","Mud crab","POM",0.531190126928068
"819","GTM","Mud crab","POM",0.558544426502878
"820","GTM","Mud crab","POM",0.550481056254357
"821","GTM","Mud crab","POM",0.583391836799284
"822","GTM","Mud crab","POM",0.608852690982173
"823","GTM","Mud crab","POM",0.550621902747363
"824","GTM","Mud crab","POM",0.541078962110973
"825","GTM","Mud crab","POM",0.548837817936965
"826","GTM","Mud crab","POM",0.556434928402757
"827","GTM","Mud crab","POM",0.524105264493927
"828","GTM","Mud crab","POM",0.524646360338033
"829","GTM","Mud crab","POM",0.570197309322444
"830","GTM","Mud crab","POM",0.533751417791131
"831","GTM","Mud crab","POM",0.555253016714373
"832","GTM","Mud crab","POM",0.556230548135624
"833","GTM","Mud crab","POM",0.553573040120642
"834","GTM","Mud crab","POM",0.541614270126093
"835","GTM","Mud crab","POM",0.575917534255248
"836","GTM","Mud crab","POM",0.518374751579875
"837","GTM","Mud crab","POM",0.568643379496307
"838","GTM","Mud crab","POM",0.532305730932891
"839","GTM","Mud crab","POM",0.517142535221421
"840","GTM","Mud crab","POM",0.600159162040577
"841","GTM","Mud crab","POM",0.54834464651504
"842","GTM","Mud crab","POM",0.56971439685186
"843","GTM","Mud crab","POM",0.567931924898325
"844","GTM","Mud crab","POM",0.546353839328079
"845","GTM","Mud crab","POM",0.523978895153458
"846","GTM","Mud crab","POM",0.490890373506122
"847","GTM","Mud crab","POM",0.600456604515792
"848","GTM","Mud crab","POM",0.567675677886291
"849","GTM","Mud crab","POM",0.560677556727309
"850","GTM","Mud crab","POM",0.568965635233296
"851","GTM","Mud crab","POM",0.587222016533552
"852","GTM","Mud crab","POM",0.523001148527958
"853","GTM","Mud crab","POM",0.552709328730113
"854","GTM","Mud crab","POM",0.564382766173831
"855","GTM","Mud crab","POM",0.583783688930644
"856","GTM","Mud crab","POM",0.551293720677877
"857","GTM","Mud crab","POM",0.576218420507996
"858","GTM","Mud crab","POM",0.55190643956484
"859","GTM","Mud crab","POM",0.581537679870299
"860","GTM","Mud crab","POM",0.581884647982556
"861","GTM","Mud crab","POM",0.535934556173464
"862","GTM","Mud crab","POM",0.571794588867628
"863","GTM","Mud crab","POM",0.575179749793342
"864","GTM","Mud crab","POM",0.577335179699748
"865","GTM","Mud crab","POM",0.540207365447361
"866","GTM","Mud crab","POM",0.603483479768572
"867","GTM","Mud crab","POM",0.533070392856822
"868","GTM","Mud crab","POM",0.538071839691532
"869","GTM","Mud crab","POM",0.609497626679646
"870","GTM","Mud crab","POM",0.549507887554605
"871","GTM","Mud crab","POM",0.581803230885199
"872","GTM","Mud crab","POM",0.494683325291624
"873","GTM","Mud crab","POM",0.562349315800442
"874","GTM","Mud crab","POM",0.530329515548793
"875","GTM","Mud crab","POM",0.548938369761824
"876","GTM","Mud crab","POM",0.564326461441291
"877","GTM","Mud crab","POM",0.551886824933632
"878","GTM","Mud crab","POM",0.583104309389651
"879","GTM","Mud crab","POM",0.566417979725293
"880","GTM","Mud crab","POM",0.601002963819054
"881","GTM","Mud crab","POM",0.520715393560573
"882","GTM","Mud crab","POM",0.541951969030628
"883","GTM","Mud crab","POM",0.541045156095507
"884","GTM","Mud crab","POM",0.548660758809362
"885","GTM","Mud crab","POM",0.592488863792598
"886","GTM","Mud crab","POM",0.552638214476867
"887","GTM","Mud crab","POM",0.577663966879013
"888","GTM","Mud crab","POM",0.55964926867286
"889","GTM","Mud crab","POM",0.536505864791523
"890","GTM","Mud crab","POM",0.598442921764602
"891","GTM","Mud crab","POM",0.545510653625072
"892","GTM","Mud crab","POM",0.595637318142485
"893","GTM","Mud crab","POM",0.574781450473454
"894","GTM","Mud crab","POM",0.541717741394112
"895","GTM","Mud crab","POM",0.580157343333071
"896","GTM","Mud crab","POM",0.505341192951377
"897","GTM","Mud crab","POM",0.594939777977431
"898","GTM","Mud crab","POM",0.53219008026188
"899","GTM","Mud crab","POM",0.571901254413937
"900","GTM","Mud crab","POM",0.60605487837698
"901","GTM","Oyster","POM",0.646724997142934
"902","GTM","Oyster","POM",0.647625243862929
"903","GTM","Oyster","POM",0.654257787142894
"904","GTM","Oyster","POM",0.621506412028613
"905","GTM","Oyster","POM",0.667711897442223
"906","GTM","Oyster","POM",0.610444807062788
"907","GTM","Oyster","POM",0.693225097305032
"908","GTM","Oyster","POM",0.6414073860957
"909","GTM","Oyster","POM",0.581176984732317
"910","GTM","Oyster","POM",0.69848686741705
"911","GTM","Oyster","POM",0.699384073707015
"912","GTM","Oyster","POM",0.612486270079049
"913","GTM","Oyster","POM",0.672388213559279
"914","GTM","Oyster","POM",0.606392300128531
"915","GTM","Oyster","POM",0.632806346007306
"916","GTM","Oyster","POM",0.647103489774916
"917","GTM","Oyster","POM",0.622758382961579
"918","GTM","Oyster","POM",0.677102261232772
"919","GTM","Oyster","POM",0.621892917126175
"920","GTM","Oyster","POM",0.641876586670235
"921","GTM","Oyster","POM",0.636629318681476
"922","GTM","Oyster","POM",0.632544860909882
"923","GTM","Oyster","POM",0.634367658332468
"924","GTM","Oyster","POM",0.612224178770111
"925","GTM","Oyster","POM",0.652708097492565
"926","GTM","Oyster","POM",0.655271710266796
"927","GTM","Oyster","POM",0.722502790446289
"928","GTM","Oyster","POM",0.663248085373256
"929","GTM","Oyster","POM",0.644811597367566
"930","GTM","Oyster","POM",0.690706025517247
"931","GTM","Oyster","POM",0.685552250044602
"932","GTM","Oyster","POM",0.685409163160013
"933","GTM","Oyster","POM",0.692816678770268
"934","GTM","Oyster","POM",0.637927644568639
"935","GTM","Oyster","POM",0.620995443862196
"936","GTM","Oyster","POM",0.632968476129697
"937","GTM","Oyster","POM",0.627219384247558
"938","GTM","Oyster","POM",0.625912730514207
"939","GTM","Oyster","POM",0.723114670145448
"940","GTM","Oyster","POM",0.64184317147708
"941","GTM","Oyster","POM",0.588944473883094
"942","GTM","Oyster","POM",0.627131111654994
"943","GTM","Oyster","POM",0.663370219479707
"944","GTM","Oyster","POM",0.71007602456489
"945","GTM","Oyster","POM",0.65890864746065
"946","GTM","Oyster","POM",0.6652108766579
"947","GTM","Oyster","POM",0.643340445756619
"948","GTM","Oyster","POM",0.644341632479903
"949","GTM","Oyster","POM",0.686891115072196
"950","GTM","Oyster","POM",0.698496835719193
"951","GTM","Oyster","POM",0.627075784356265
"952","GTM","Oyster","POM",0.616010044554883
"953","GTM","Oyster","POM",0.605635892612617
"954","GTM","Oyster","POM",0.622432780421586
"955","GTM","Oyster","POM",0.689477946614183
"956","GTM","Oyster","POM",0.620417711519061
"957","GTM","Oyster","POM",0.640230015137224
"958","GTM","Oyster","POM",0.663633816117132
"959","GTM","Oyster","POM",0.630484538526178
"960","GTM","Oyster","POM",0.64214556026265
"961","GTM","Oyster","POM",0.631098071348215
"962","GTM","Oyster","POM",0.672208346653072
"963","GTM","Oyster","POM",0.627838786744601
"964","GTM","Oyster","POM",0.660098967891317
"965","GTM","Oyster","POM",0.660267932152197
"966","GTM","Oyster","POM",0.648270935666242
"967","GTM","Oyster","POM",0.625759435944877
"968","GTM","Oyster","POM",0.601310302948447
"969","GTM","Oyster","POM",0.694090113076124
"970","GTM","Oyster","POM",0.621900416978998
"971","GTM","Oyster","POM",0.652011561221354
"972","GTM","Oyster","POM",0.668089992649499
"973","GTM","Oyster","POM",0.680095904982896
"974","GTM","Oyster","POM",0.701965144133041
"975","GTM","Oyster","POM",0.624736088227514
"976","GTM","Oyster","POM",0.700719453075461
"977","GTM","Oyster","POM",0.649571910686282
"978","GTM","Oyster","POM",0.667471856343866
"979","GTM","Oyster","POM",0.682205636568324
"980","GTM","Oyster","POM",0.694323013722662
"981","GTM","Oyster","POM",0.625359197328064
"982","GTM","Oyster","POM",0.657067697813164
"983","GTM","Oyster","POM",0.690357128878037
"984","GTM","Oyster","POM",0.694163187208025
"985","GTM","Oyster","POM",0.655176531455645
"986","GTM","Oyster","POM",0.685781887073316
"987","GTM","Oyster","POM",0.689645141279241
"988","GTM","Oyster","POM",0.63511217981476
"989","GTM","Oyster","POM",0.673518471136989
"990","GTM","Oyster","POM",0.62291449014809
"991","GTM","Oyster","POM",0.711402424158503
"992","GTM","Oyster","POM",0.644999749271972
"993","GTM","Oyster","POM",0.630316093627756
"994","GTM","Oyster","POM",0.676415343129037
"995","GTM","Oyster","POM",0.636676412224747
"996","GTM","Oyster","POM",0.642033659610846
"997","GTM","Oyster","POM",0.634610127784403
"998","GTM","Oyster","POM",0.647405528880227
"999","GTM","Oyster","POM",0.636045315593296
"1000","GTM","Oyster","POM",0.602084837983685
"1001","NC","Mud crab","POM",0.547664919711297
"1002","NC","Mud crab","POM",0.606030415880479
"1003","NC","Mud crab","POM",0.486286293389187
"1004","NC","Mud crab","POM",0.55513105957815
"1005","NC","Mud crab","POM",0.492427402779328
"1006","NC","Mud crab","POM",0.58911917614671
"1007","NC","Mud crab","POM",0.50829047454769
"1008","NC","Mud crab","POM",0.695588261010812
"1009","NC","Mud crab","POM",0.61434126245346
"1010","NC","Mud crab","POM",0.55804006027986
"1011","NC","Mud crab","POM",0.599669723451855
"1012","NC","Mud crab","POM",0.762332353842919
"1013","NC","Mud crab","POM",0.628293793092171
"1014","NC","Mud crab","POM",0.677360403703059
"1015","NC","Mud crab","POM",0.543720223203737
"1016","NC","Mud crab","POM",0.548207223582297
"1017","NC","Mud crab","POM",0.623696827865395
"1018","NC","Mud crab","POM",0.538872179610617
"1019","NC","Mud crab","POM",0.739813536627219
"1020","NC","Mud crab","POM",0.656446371932542
"1021","NC","Mud crab","POM",0.623957717080842
"1022","NC","Mud crab","POM",0.51212799656019
"1023","NC","Mud crab","POM",0.610474132993011
"1024","NC","Mud crab","POM",0.670045467941124
"1025","NC","Mud crab","POM",0.55530505503463
"1026","NC","Mud crab","POM",0.612144906677525
"1027","NC","Mud crab","POM",0.61775137090658
"1028","NC","Mud crab","POM",0.580519384464884
"1029","NC","Mud crab","POM",0.651044764266645
"1030","NC","Mud crab","POM",0.707416285116807
"1031","NC","Mud crab","POM",0.53795365956286
"1032","NC","Mud crab","POM",0.549163116010859
"1033","NC","Mud crab","POM",0.741230213948993
"1034","NC","Mud crab","POM",0.653964310002473
"1035","NC","Mud crab","POM",0.757579519446572
"1036","NC","Mud crab","POM",0.568871948600195
"1037","NC","Mud crab","POM",0.644853619804287
"1038","NC","Mud crab","POM",0.551987801236956
"1039","NC","Mud crab","POM",0.65966568416614
"1040","NC","Mud crab","POM",0.526141084074585
"1041","NC","Mud crab","POM",0.568056798884189
"1042","NC","Mud crab","POM",0.683346127909513
"1043","NC","Mud crab","POM",0.606654013588445
"1044","NC","Mud crab","POM",0.683518734595394
"1045","NC","Mud crab","POM",0.716141100053264
"1046","NC","Mud crab","POM",0.738905358192516
"1047","NC","Mud crab","POM",0.628214291121011
"1048","NC","Mud crab","POM",0.867126933378126
"1049","NC","Mud crab","POM",0.58472392357121
"1050","NC","Mud crab","POM",0.697752891228565
"1051","NC","Mud crab","POM",0.566985248160539
"1052","NC","Mud crab","POM",0.606779041698579
"1053","NC","Mud crab","POM",0.518315903845431
"1054","NC","Mud crab","POM",0.592710450516029
"1055","NC","Mud crab","POM",0.612549003758311
"1056","NC","Mud crab","POM",0.522355132902926
"1057","NC","Mud crab","POM",0.675975237880184
"1058","NC","Mud crab","POM",0.588522424411897
"1059","NC","Mud crab","POM",0.631873261528348
"1060","NC","Mud crab","POM",0.607557097451646
"1061","NC","Mud crab","POM",0.5492089444744
"1062","NC","Mud crab","POM",0.581026781107239
"1063","NC","Mud crab","POM",0.564616760629493
"1064","NC","Mud crab","POM",0.718237868512577
"1065","NC","Mud crab","POM",0.6241711445082
"1066","NC","Mud crab","POM",0.469262266069221
"1067","NC","Mud crab","POM",0.576372617935136
"1068","NC","Mud crab","POM",0.619046671779668
"1069","NC","Mud crab","POM",0.585487107583534
"1070","NC","Mud crab","POM",0.625935244425014
"1071","NC","Mud crab","POM",0.607355961102352
"1072","NC","Mud crab","POM",0.557580497024376
"1073","NC","Mud crab","POM",0.677986383457107
"1074","NC","Mud crab","POM",0.634051281930823
"1075","NC","Mud crab","POM",0.599708547127173
"1076","NC","Mud crab","POM",0.603883941774389
"1077","NC","Mud crab","POM",0.542899768482838
"1078","NC","Mud crab","POM",0.675117846480571
"1079","NC","Mud crab","POM",0.563089123606372
"1080","NC","Mud crab","POM",0.726217650749932
"1081","NC","Mud crab","POM",0.574511214514047
"1082","NC","Mud crab","POM",0.679877451469298
"1083","NC","Mud crab","POM",0.624571333625991
"1084","NC","Mud crab","POM",0.61317483735741
"1085","NC","Mud crab","POM",0.562964504150317
"1086","NC","Mud crab","POM",0.547667835514371
"1087","NC","Mud crab","POM",0.622635024004048
"1088","NC","Mud crab","POM",0.683636098985709
"1089","NC","Mud crab","POM",0.689838555963907
"1090","NC","Mud crab","POM",0.695371952699623
"1091","NC","Mud crab","POM",0.568588859352011
"1092","NC","Mud crab","POM",0.553771968000624
"1093","NC","Mud crab","POM",0.522280461519046
"1094","NC","Mud crab","POM",0.587771298784377
"1095","NC","Mud crab","POM",0.564032348592226
"1096","NC","Mud crab","POM",0.633073846670525
"1097","NC","Mud crab","POM",0.481172997877877
"1098","NC","Mud crab","POM",0.47781600726749
"1099","NC","Mud crab","POM",0.6793174655186
"1100","NC","Mud crab","POM",0.55693851712837
"1101","NC","Oyster","POM",0.728002475554234
"1102","NC","Oyster","POM",0.577612029251475
"1103","NC","Oyster","POM",0.687981358507395
"1104","NC","Oyster","POM",0.729429269611612
"1105","NC","Oyster","POM",0.697170443447027
"1106","NC","Oyster","POM",0.63550845764827
"1107","NC","Oyster","POM",0.645002653259759
"1108","NC","Oyster","POM",0.720301350273352
"1109","NC","Oyster","POM",0.689335681691395
"1110","NC","Oyster","POM",0.784840571376908
"1111","NC","Oyster","POM",0.623117598567628
"1112","NC","Oyster","POM",0.689592218495351
"1113","NC","Oyster","POM",0.945773245861399
"1114","NC","Oyster","POM",0.690489291554161
"1115","NC","Oyster","POM",0.64838760388857
"1116","NC","Oyster","POM",0.693194929395535
"1117","NC","Oyster","POM",0.768557600446425
"1118","NC","Oyster","POM",0.664372969898535
"1119","NC","Oyster","POM",0.662903322987151
"1120","NC","Oyster","POM",0.670787757712331
"1121","NC","Oyster","POM",0.715161807418927
"1122","NC","Oyster","POM",0.632058781630097
"1123","NC","Oyster","POM",0.792365793474161
"1124","NC","Oyster","POM",0.616288070016195
"1125","NC","Oyster","POM",0.729323286420256
"1126","NC","Oyster","POM",0.645021252931283
"1127","NC","Oyster","POM",0.666679574874548
"1128","NC","Oyster","POM",0.704748683520145
"1129","NC","Oyster","POM",0.686971463805183
"1130","NC","Oyster","POM",0.705104335625033
"1131","NC","Oyster","POM",0.568416380582794
"1132","NC","Oyster","POM",0.644090056904147
"1133","NC","Oyster","POM",0.740174786813859
"1134","NC","Oyster","POM",0.796279255555039
"1135","NC","Oyster","POM",0.763409366468573
"1136","NC","Oyster","POM",0.728597388336495
"1137","NC","Oyster","POM",0.602920003306943
"1138","NC","Oyster","POM",0.75892748583266
"1139","NC","Oyster","POM",0.66827000124869
"1140","NC","Oyster","POM",0.83534768549198
"1141","NC","Oyster","POM",0.782346412371603
"1142","NC","Oyster","POM",0.640309842553284
"1143","NC","Oyster","POM",0.796545073453015
"1144","NC","Oyster","POM",0.650974461495143
"1145","NC","Oyster","POM",0.686918186963482
"1146","NC","Oyster","POM",0.660566000754343
"1147","NC","Oyster","POM",0.591948158693718
"1148","NC","Oyster","POM",0.568300963339356
"1149","NC","Oyster","POM",0.708696341357324
"1150","NC","Oyster","POM",0.742212034400609
"1151","NC","Oyster","POM",0.676476951300637
"1152","NC","Oyster","POM",0.625426101652824
"1153","NC","Oyster","POM",0.567951897195201
"1154","NC","Oyster","POM",0.607460260194853
"1155","NC","Oyster","POM",0.628810347994195
"1156","NC","Oyster","POM",0.704966845939809
"1157","NC","Oyster","POM",0.565435725907232
"1158","NC","Oyster","POM",0.639692470915387
"1159","NC","Oyster","POM",0.681635414830704
"1160","NC","Oyster","POM",0.770307519157698
"1161","NC","Oyster","POM",0.696219491219526
"1162","NC","Oyster","POM",0.619489632225387
"1163","NC","Oyster","POM",0.756227090281977
"1164","NC","Oyster","POM",0.651011836038899
"1165","NC","Oyster","POM",0.71608364065272
"1166","NC","Oyster","POM",0.821184360824995
"1167","NC","Oyster","POM",0.646977542399384
"1168","NC","Oyster","POM",0.61276391845306
"1169","NC","Oyster","POM",0.579227930561428
"1170","NC","Oyster","POM",0.588922028588232
"1171","NC","Oyster","POM",0.800565969131282
"1172","NC","Oyster","POM",0.68581521103152
"1173","NC","Oyster","POM",0.734484504160281
"1174","NC","Oyster","POM",0.728436231297442
"1175","NC","Oyster","POM",0.8820649288325
"1176","NC","Oyster","POM",0.607296494872487
"1177","NC","Oyster","POM",0.677859239602694
"1178","NC","Oyster","POM",0.730283535438844
"1179","NC","Oyster","POM",0.808605662360943
"1180","NC","Oyster","POM",0.710582520991143
"1181","NC","Oyster","POM",0.704266493643444
"1182","NC","Oyster","POM",0.654351297227106
"1183","NC","Oyster","POM",0.647214772692416
"1184","NC","Oyster","POM",0.715785512102708
"1185","NC","Oyster","POM",0.586738418677007
"1186","NC","Oyster","POM",0.753845716443276
"1187","NC","Oyster","POM",0.560256818346412
"1188","NC","Oyster","POM",0.700035829451251
"1189","NC","Oyster","POM",0.689124943334838
"1190","NC","Oyster","POM",0.717283945223175
"1191","NC","Oyster","POM",0.794289648077253
"1192","NC","Oyster","POM",0.590647761297889
"1193","NC","Oyster","POM",0.72390307592106
"1194","NC","Oyster","POM",0.746457774025633
"1195","NC","Oyster","POM",0.770960562507725
"1196","NC","Oyster","POM",0.663319099492047
"1197","NC","Oyster","POM",0.638515993722761
"1198","NC","Oyster","POM",0.684976492181998
"1199","NC","Oyster","POM",0.642709532726272
"1200","NC","Oyster","POM",0.732872226524262
"1201","NI","Mud crab","POM",0.0379433151946988
"1202","NI","Mud crab","POM",0.0649217497432747
"1203","NI","Mud crab","POM",0.0348849518480302
"1204","NI","Mud crab","POM",0.0364238974787725
"1205","NI","Mud crab","POM",0.00737789776066491
"1206","NI","Mud crab","POM",0.0653955793970525
"1207","NI","Mud crab","POM",0.0439776579189069
"1208","NI","Mud crab","POM",0.0801605137485829
"1209","NI","Mud crab","POM",0.00314570442459353
"1210","NI","Mud crab","POM",0.00406533636897491
"1211","NI","Mud crab","POM",0.0237300917390872
"1212","NI","Mud crab","POM",0.0199087628697426
"1213","NI","Mud crab","POM",0.0119522890980187
"1214","NI","Mud crab","POM",0.0624310263461358
"1215","NI","Mud crab","POM",0.027080814559153
"1216","NI","Mud crab","POM",0.0343159413482618
"1217","NI","Mud crab","POM",0.0626814805905554
"1218","NI","Mud crab","POM",0.0140955514410999
"1219","NI","Mud crab","POM",0.0425270127903749
"1220","NI","Mud crab","POM",0.0268600925966831
"1221","NI","Mud crab","POM",0.056684677502976
"1222","NI","Mud crab","POM",0.0295252786755424
"1223","NI","Mud crab","POM",0.0521520464195979
"1224","NI","Mud crab","POM",0.0494884078179236
"1225","NI","Mud crab","POM",0.0662921743724204
"1226","NI","Mud crab","POM",0.0213954373257801
"1227","NI","Mud crab","POM",0.010522487056347
"1228","NI","Mud crab","POM",0.0654314028338333
"1229","NI","Mud crab","POM",0.00860841349035097
"1230","NI","Mud crab","POM",0.0635501759020214
"1231","NI","Mud crab","POM",0.0750704509465286
"1232","NI","Mud crab","POM",0.0506503774294309
"1233","NI","Mud crab","POM",0.0203277895769071
"1234","NI","Mud crab","POM",0.0137567786334958
"1235","NI","Mud crab","POM",0.030458535327675
"1236","NI","Mud crab","POM",0.0290848619571919
"1237","NI","Mud crab","POM",0.0445661457573433
"1238","NI","Mud crab","POM",0.0709687161265463
"1239","NI","Mud crab","POM",0.0391667839485832
"1240","NI","Mud crab","POM",0.0552705435373845
"1241","NI","Mud crab","POM",0.015247537991655
"1242","NI","Mud crab","POM",0.0329622511967738
"1243","NI","Mud crab","POM",0.0298501997125097
"1244","NI","Mud crab","POM",0.0129415122140003
"1245","NI","Mud crab","POM",0.0480319228265139
"1246","NI","Mud crab","POM",0.0765754933060275
"1247","NI","Mud crab","POM",0.0012460677576939
"1248","NI","Mud crab","POM",0.0487063585407416
"1249","NI","Mud crab","POM",0.0351785317199311
"1250","NI","Mud crab","POM",0.0212228456422194
"1251","NI","Mud crab","POM",0.042010860247112
"1252","NI","Mud crab","POM",0.0225165988787768
"1253","NI","Mud crab","POM",0.0537606874570644
"1254","NI","Mud crab","POM",0.0613485027799409
"1255","NI","Mud crab","POM",0.0854441919851359
"1256","NI","Mud crab","POM",0.0394206489814406
"1257","NI","Mud crab","POM",0.0332770168978355
"1258","NI","Mud crab","POM",0.015167796672492
"1259","NI","Mud crab","POM",0.0347963029935066
"1260","NI","Mud crab","POM",0.0433056443188672
"1261","NI","Mud crab","POM",0.0137195376179423
"1262","NI","Mud crab","POM",0.00998798872404484
"1263","NI","Mud crab","POM",0.0195714732582199
"1264","NI","Mud crab","POM",0.00167493079303673
"1265","NI","Mud crab","POM",0.0401981847760131
"1266","NI","Mud crab","POM",0.0484089375993693
"1267","NI","Mud crab","POM",0.0222301193076939
"1268","NI","Mud crab","POM",0.0231727057019224
"1269","NI","Mud crab","POM",0.0293158558621806
"1270","NI","Mud crab","POM",0.0529153851054519
"1271","NI","Mud crab","POM",0.0488068606765957
"1272","NI","Mud crab","POM",0.0148547203062826
"1273","NI","Mud crab","POM",0.00356775026052308
"1274","NI","Mud crab","POM",0.0679185766343823
"1275","NI","Mud crab","POM",0.0631414338166472
"1276","NI","Mud crab","POM",0.0276540879790944
"1277","NI","Mud crab","POM",0.0261347275015096
"1278","NI","Mud crab","POM",0.0587490844346063
"1279","NI","Mud crab","POM",0.0404130560449505
"1280","NI","Mud crab","POM",0.0468753090001968
"1281","NI","Mud crab","POM",0.06288138600753
"1282","NI","Mud crab","POM",0.0210106410238617
"1283","NI","Mud crab","POM",0.0259142333845595
"1284","NI","Mud crab","POM",0.0883819063434148
"1285","NI","Mud crab","POM",0.0489631778873644
"1286","NI","Mud crab","POM",0.0458364597993737
"1287","NI","Mud crab","POM",0.0278910793338274
"1288","NI","Mud crab","POM",0.00407224193268263
"1289","NI","Mud crab","POM",0.01156459753128
"1290","NI","Mud crab","POM",0.0336064565101952
"1291","NI","Mud crab","POM",0.0265572982241457
"1292","NI","Mud crab","POM",0.031771097117352
"1293","NI","Mud crab","POM",0.0216075826458634
"1294","NI","Mud crab","POM",0.0679357468802408
"1295","NI","Mud crab","POM",0.0576165364659076
"1296","NI","Mud crab","POM",0.0290721739369604
"1297","NI","Mud crab","POM",0.0254215749639681
"1298","NI","Mud crab","POM",0.0749719444482011
"1299","NI","Mud crab","POM",0.0299126167298487
"1300","NI","Mud crab","POM",0.0266274252711817
"1301","NI","Oyster","POM",0.113080367019605
"1302","NI","Oyster","POM",0.10733152967371
"1303","NI","Oyster","POM",0.0141241277154906
"1304","NI","Oyster","POM",0.111710861586167
"1305","NI","Oyster","POM",0.0520854224428874
"1306","NI","Oyster","POM",0.12319974182026
"1307","NI","Oyster","POM",0.193498851453057
"1308","NI","Oyster","POM",0.091335529600398
"1309","NI","Oyster","POM",0.0649747495150446
"1310","NI","Oyster","POM",0.0715269292695118
"1311","NI","Oyster","POM",0.0681435699609514
"1312","NI","Oyster","POM",0.0602813713298724
"1313","NI","Oyster","POM",0.05417305920948
"1314","NI","Oyster","POM",0.0337827365042139
"1315","NI","Oyster","POM",0.0184145486960424
"1316","NI","Oyster","POM",0.0761464144283478
"1317","NI","Oyster","POM",0.0281232925380644
"1318","NI","Oyster","POM",0.0938289531369709
"1319","NI","Oyster","POM",0.0870451204624148
"1320","NI","Oyster","POM",0.0548876372847966
"1321","NI","Oyster","POM",0.0649583187236836
"1322","NI","Oyster","POM",0.0819769445283365
"1323","NI","Oyster","POM",0.00882599400428413
"1324","NI","Oyster","POM",0.0129111386681774
"1325","NI","Oyster","POM",0.0880443434262891
"1326","NI","Oyster","POM",0.0169642606743032
"1327","NI","Oyster","POM",0.164101166421983
"1328","NI","Oyster","POM",0.0271586707505783
"1329","NI","Oyster","POM",0.0816534928000173
"1330","NI","Oyster","POM",0.00341959466481288
"1331","NI","Oyster","POM",0.0907224358870384
"1332","NI","Oyster","POM",0.0685401833839905
"1333","NI","Oyster","POM",0.0226703898039363
"1334","NI","Oyster","POM",0.0581789168027211
"1335","NI","Oyster","POM",0.0929339786314372
"1336","NI","Oyster","POM",0.0798090404401505
"1337","NI","Oyster","POM",0.114071790743819
"1338","NI","Oyster","POM",0.0411482899530082
"1339","NI","Oyster","POM",0.0491760211348324
"1340","NI","Oyster","POM",0.127600030320176
"1341","NI","Oyster","POM",0.163656192290223
"1342","NI","Oyster","POM",0.148739408659659
"1343","NI","Oyster","POM",0.10656196557106
"1344","NI","Oyster","POM",0.0133440725175327
"1345","NI","Oyster","POM",0.045013674316935
"1346","NI","Oyster","POM",0.031798002384489
"1347","NI","Oyster","POM",0.03813754431042
"1348","NI","Oyster","POM",0.032723032160616
"1349","NI","Oyster","POM",0.139607829708078
"1350","NI","Oyster","POM",0.139377754019531
"1351","NI","Oyster","POM",0.0148488238589692
"1352","NI","Oyster","POM",0.0407460582300143
"1353","NI","Oyster","POM",0.00583499016562347
"1354","NI","Oyster","POM",0.0113755054779783
"1355","NI","Oyster","POM",0.0958170137893366
"1356","NI","Oyster","POM",0.0273494870101841
"1357","NI","Oyster","POM",0.104144292100744
"1358","NI","Oyster","POM",0.006752860446625
"1359","NI","Oyster","POM",0.0870184780125325
"1360","NI","Oyster","POM",0.175927872500041
"1361","NI","Oyster","POM",0.158097871970066
"1362","NI","Oyster","POM",0.0422139848333919
"1363","NI","Oyster","POM",0.0320176019946344
"1364","NI","Oyster","POM",0.0912304747546235
"1365","NI","Oyster","POM",0.00587209851164547
"1366","NI","Oyster","POM",0.0462355831583494
"1367","NI","Oyster","POM",0.0793047539123891
"1368","NI","Oyster","POM",0.100226242187642
"1369","NI","Oyster","POM",0.109663724102497
"1370","NI","Oyster","POM",0.0146954564877967
"1371","NI","Oyster","POM",0.055041798098611
"1372","NI","Oyster","POM",0.0359569719300267
"1373","NI","Oyster","POM",0.0743500591369167
"1374","NI","Oyster","POM",0.0434093695582036
"1375","NI","Oyster","POM",0.081956136449565
"1376","NI","Oyster","POM",0.0645259954261293
"1377","NI","Oyster","POM",0.0231170401693862
"1378","NI","Oyster","POM",0.166284887711888
"1379","NI","Oyster","POM",0.133853996523409
"1380","NI","Oyster","POM",0.079561044075785
"1381","NI","Oyster","POM",0.125114087440225
"1382","NI","Oyster","POM",0.147064153671095
"1383","NI","Oyster","POM",0.0357929381410391
"1384","NI","Oyster","POM",0.118611241179576
"1385","NI","Oyster","POM",0.0898300555800371
"1386","NI","Oyster","POM",0.100699397318644
"1387","NI","Oyster","POM",0.000479045637320099
"1388","NI","Oyster","POM",0.0706927049775537
"1389","NI","Oyster","POM",0.0268231407386049
"1390","NI","Oyster","POM",0.00386247986636029
"1391","NI","Oyster","POM",0.132712946725193
"1392","NI","Oyster","POM",0.00330208319215996
"1393","NI","Oyster","POM",0.0863835712800779
"1394","NI","Oyster","POM",0.238719083357628
"1395","NI","Oyster","POM",0.134377538501297
"1396","NI","Oyster","POM",0.000325014372128492
"1397","NI","Oyster","POM",0.138713448726016
"1398","NI","Oyster","POM",0.0775062587220757
"1399","NI","Oyster","POM",0.0542478762953613
"1400","NI","Oyster","POM",0.112220069376927
"1401","SI","Mud crab","POM",0.152345582770445
"1402","SI","Mud crab","POM",0.259813884981012
"1403","SI","Mud crab","POM",0.188428572943111
"1404","SI","Mud crab","POM",0.126106625823327
"1405","SI","Mud crab","POM",0.245517311117666
"1406","SI","Mud crab","POM",0.186120381934015
"1407","SI","Mud crab","POM",0.230656906000693
"1408","SI","Mud crab","POM",0.131954040858887
"1409","SI","Mud crab","POM",0.23135778842618
"1410","SI","Mud crab","POM",0.166975049884972
"1411","SI","Mud crab","POM",0.191960998659652
"1412","SI","Mud crab","POM",0.124617019681405
"1413","SI","Mud crab","POM",0.18182916104924
"1414","SI","Mud crab","POM",0.187082825283797
"1415","SI","Mud crab","POM",0.153281300060918
"1416","SI","Mud crab","POM",0.191615219936452
"1417","SI","Mud crab","POM",0.162460109813004
"1418","SI","Mud crab","POM",0.274429759770189
"1419","SI","Mud crab","POM",0.252336195092942
"1420","SI","Mud crab","POM",0.095546458318116
"1421","SI","Mud crab","POM",0.253052972293336
"1422","SI","Mud crab","POM",0.166300203162469
"1423","SI","Mud crab","POM",0.218106679909087
"1424","SI","Mud crab","POM",0.237780045204016
"1425","SI","Mud crab","POM",0.154319804873317
"1426","SI","Mud crab","POM",0.0816914027135318
"1427","SI","Mud crab","POM",0.106562302539583
"1428","SI","Mud crab","POM",0.115525617721414
"1429","SI","Mud crab","POM",0.0332073066075696
"1430","SI","Mud crab","POM",0.0879934569414619
"1431","SI","Mud crab","POM",0.215677437901554
"1432","SI","Mud crab","POM",0.112332406334849
"1433","SI","Mud crab","POM",0.11498578433259
"1434","SI","Mud crab","POM",0.0808060337279233
"1435","SI","Mud crab","POM",0.191298739387192
"1436","SI","Mud crab","POM",0.217564238771478
"1437","SI","Mud crab","POM",0.173895297881434
"1438","SI","Mud crab","POM",0.130155639999201
"1439","SI","Mud crab","POM",0.233947158498278
"1440","SI","Mud crab","POM",0.125446740479078
"1441","SI","Mud crab","POM",0.135708483221119
"1442","SI","Mud crab","POM",0.207620648227517
"1443","SI","Mud crab","POM",0.227598554164788
"1444","SI","Mud crab","POM",0.142647125643872
"1445","SI","Mud crab","POM",0.0484673486264961
"1446","SI","Mud crab","POM",0.0511841906803355
"1447","SI","Mud crab","POM",0.13997319208052
"1448","SI","Mud crab","POM",0.182293659568167
"1449","SI","Mud crab","POM",0.206938846571552
"1450","SI","Mud crab","POM",0.286192220105964
"1451","SI","Mud crab","POM",0.199033384010639
"1452","SI","Mud crab","POM",0.165413137124222
"1453","SI","Mud crab","POM",0.181735070222982
"1454","SI","Mud crab","POM",0.206423719026682
"1455","SI","Mud crab","POM",0.143449644386131
"1456","SI","Mud crab","POM",0.244730363260485
"1457","SI","Mud crab","POM",0.171762040469951
"1458","SI","Mud crab","POM",0.163928698594677
"1459","SI","Mud crab","POM",0.069754182417334
"1460","SI","Mud crab","POM",0.269783515773305
"1461","SI","Mud crab","POM",0.188610023339049
"1462","SI","Mud crab","POM",0.198788621859346
"1463","SI","Mud crab","POM",0.114595868969329
"1464","SI","Mud crab","POM",0.198997347710343
"1465","SI","Mud crab","POM",0.0531434254640565
"1466","SI","Mud crab","POM",0.151064641572435
"1467","SI","Mud crab","POM",0.20347692222204
"1468","SI","Mud crab","POM",0.119430000718434
"1469","SI","Mud crab","POM",0.195705776866947
"1470","SI","Mud crab","POM",0.181180815186585
"1471","SI","Mud crab","POM",0.216696708025133
"1472","SI","Mud crab","POM",0.122675846808504
"1473","SI","Mud crab","POM",0.14934876009773
"1474","SI","Mud crab","POM",0.0231198595645038
"1475","SI","Mud crab","POM",0.1604586859815
"1476","SI","Mud crab","POM",0.257842807747838
"1477","SI","Mud crab","POM",0.217783681235648
"1478","SI","Mud crab","POM",0.122977556672761
"1479","SI","Mud crab","POM",0.162196896398005
"1480","SI","Mud crab","POM",0.177196487186897
"1481","SI","Mud crab","POM",0.125626204365969
"1482","SI","Mud crab","POM",0.119114349199945
"1483","SI","Mud crab","POM",0.13170350157031
"1484","SI","Mud crab","POM",0.119385414986244
"1485","SI","Mud crab","POM",0.122060124623348
"1486","SI","Mud crab","POM",0.146766441011459
"1487","SI","Mud crab","POM",0.0269442608256743
"1488","SI","Mud crab","POM",0.0998990188103047
"1489","SI","Mud crab","POM",0.205782242008509
"1490","SI","Mud crab","POM",0.0865339688115087
"1491","SI","Mud crab","POM",0.214037327386126
"1492","SI","Mud crab","POM",0.188189755554383
"1493","SI","Mud crab","POM",0.111500780814796
"1494","SI","Mud crab","POM",0.0661664032865072
"1495","SI","Mud crab","POM",0.217480646503776
"1496","SI","Mud crab","POM",0.166623985489108
"1497","SI","Mud crab","POM",0.231195097079305
"1498","SI","Mud crab","POM",0.255719576014845
"1499","SI","Mud crab","POM",0.204440607672148
"1500","SI","Mud crab","POM",0.0652596805583368
"1501","SI","Oyster","POM",0.231341017109717
"1502","SI","Oyster","POM",0.267637405018485
"1503","SI","Oyster","POM",0.262138515391011
"1504","SI","Oyster","POM",0.0189021829579939
"1505","SI","Oyster","POM",0.0295623732799727
"1506","SI","Oyster","POM",0.0903500298297587
"1507","SI","Oyster","POM",0.106369357125312
"1508","SI","Oyster","POM",0.0414651226725546
"1509","SI","Oyster","POM",0.0402195273124973
"1510","SI","Oyster","POM",0.206396534221567
"1511","SI","Oyster","POM",0.24459037910247
"1512","SI","Oyster","POM",0.146689117421408
"1513","SI","Oyster","POM",0.362085750423854
"1514","SI","Oyster","POM",0.221222085506517
"1515","SI","Oyster","POM",0.304498900001983
"1516","SI","Oyster","POM",0.338600837480959
"1517","SI","Oyster","POM",0.121287819681544
"1518","SI","Oyster","POM",0.0697174645280608
"1519","SI","Oyster","POM",0.256468138974107
"1520","SI","Oyster","POM",0.338358097629626
"1521","SI","Oyster","POM",0.265402922411398
"1522","SI","Oyster","POM",0.277509129708305
"1523","SI","Oyster","POM",0.175990271532569
"1524","SI","Oyster","POM",0.0358721123197004
"1525","SI","Oyster","POM",0.231249419131032
"1526","SI","Oyster","POM",0.30715972098714
"1527","SI","Oyster","POM",0.121757262707638
"1528","SI","Oyster","POM",0.29950542919755
"1529","SI","Oyster","POM",0.130010931437817
"1530","SI","Oyster","POM",0.19139782858798
"1531","SI","Oyster","POM",0.181068517564446
"1532","SI","Oyster","POM",0.255536769361377
"1533","SI","Oyster","POM",0.0811042156732902
"1534","SI","Oyster","POM",0.0797026382342857
"1535","SI","Oyster","POM",0.0512271847449487
"1536","SI","Oyster","POM",0.127068036081906
"1537","SI","Oyster","POM",0.237800850158468
"1538","SI","Oyster","POM",0.25098521799257
"1539","SI","Oyster","POM",0.171300097629292
"1540","SI","Oyster","POM",0.0908623581518817
"1541","SI","Oyster","POM",0.371418178946428
"1542","SI","Oyster","POM",0.316225869100318
"1543","SI","Oyster","POM",0.0365399002123819
"1544","SI","Oyster","POM",0.169680490026504
"1545","SI","Oyster","POM",0.273203480950078
"1546","SI","Oyster","POM",0.258234687896459
"1547","SI","Oyster","POM",0.215256012402476
"1548","SI","Oyster","POM",0.161941492242645
"1549","SI","Oyster","POM",0.287338033433261
"1550","SI","Oyster","POM",0.178974320637291
"1551","SI","Oyster","POM",0.212524140615231
"1552","SI","Oyster","POM",0.2292835333555
"1553","SI","Oyster","POM",0.14072884908414
"1554","SI","Oyster","POM",0.270995688188684
"1555","SI","Oyster","POM",0.0242673319556894
"1556","SI","Oyster","POM",0.185367774974907
"1557","SI","Oyster","POM",0.132541423951413
"1558","SI","Oyster","POM",0.277642546944484
"1559","SI","Oyster","POM",0.164090049276704
"1560","SI","Oyster","POM",0.158425061754895
"1561","SI","Oyster","POM",0.221365700322652
"1562","SI","Oyster","POM",0.0986743522015427
"1563","SI","Oyster","POM",0.356651726332686
"1564","SI","Oyster","POM",0.107956939449574
"1565","SI","Oyster","POM",0.122486100999107
"1566","SI","Oyster","POM",0.0943860619579062
"1567","SI","Oyster","POM",0.292210042995623
"1568","SI","Oyster","POM",0.190696208714461
"1569","SI","Oyster","POM",0.0444357070880466
"1570","SI","Oyster","POM",0.287128042878065
"1571","SI","Oyster","POM",0.121574768907036
"1572","SI","Oyster","POM",0.143945420383844
"1573","SI","Oyster","POM",0.0276984909165187
"1574","SI","Oyster","POM",0.220887760504595
"1575","SI","Oyster","POM",0.248097546015025
"1576","SI","Oyster","POM",0.32019889516389
"1577","SI","Oyster","POM",0.230917464776156
"1578","SI","Oyster","POM",0.296061925040619
"1579","SI","Oyster","POM",0.232896000757732
"1580","SI","Oyster","POM",0.0780138289447603
"1581","SI","Oyster","POM",0.21385525711173
"1582","SI","Oyster","POM",0.134481461858181
"1583","SI","Oyster","POM",0.18665404667553
"1584","SI","Oyster","POM",0.232242141766437
"1585","SI","Oyster","POM",0.285417255122138
"1586","SI","Oyster","POM",0.179362598842879
"1587","SI","Oyster","POM",0.223231748804093
"1588","SI","Oyster","POM",0.375197766513682
"1589","SI","Oyster","POM",0.172439874970612
"1590","SI","Oyster","POM",0.277838474057943
"1591","SI","Oyster","POM",0.187031690029047
"1592","SI","Oyster","POM",0.143043342908923
"1593","SI","Oyster","POM",0.0799159095924002
"1594","SI","Oyster","POM",0.223825661229376
"1595","SI","Oyster","POM",0.183066955320745
"1596","SI","Oyster","POM",0.269043425655412
"1597","SI","Oyster","POM",0.349551601181487
"1598","SI","Oyster","POM",0.133439466383994
"1599","SI","Oyster","POM",0.137683374782037
"1600","SI","Oyster","POM",0.116100650210078
"1601","GTM","Mud crab","Spartina",0.397363067508551
"1602","GTM","Mud crab","Spartina",0.441660242334206
"1603","GTM","Mud crab","Spartina",0.440225468157871
"1604","GTM","Mud crab","Spartina",0.396667942627767
"1605","GTM","Mud crab","Spartina",0.400767570248275
"1606","GTM","Mud crab","Spartina",0.439936484764407
"1607","GTM","Mud crab","Spartina",0.412548565161805
"1608","GTM","Mud crab","Spartina",0.401944931928945
"1609","GTM","Mud crab","Spartina",0.420495667541915
"1610","GTM","Mud crab","Spartina",0.401196615367284
"1611","GTM","Mud crab","Spartina",0.469496484731135
"1612","GTM","Mud crab","Spartina",0.454705652308506
"1613","GTM","Mud crab","Spartina",0.460288974379381
"1614","GTM","Mud crab","Spartina",0.395007564631141
"1615","GTM","Mud crab","Spartina",0.455102092565578
"1616","GTM","Mud crab","Spartina",0.4279727477344
"1617","GTM","Mud crab","Spartina",0.428135339385305
"1618","GTM","Mud crab","Spartina",0.442531767342426
"1619","GTM","Mud crab","Spartina",0.431120264395771
"1620","GTM","Mud crab","Spartina",0.427613693011623
"1621","GTM","Mud crab","Spartina",0.408418228448304
"1622","GTM","Mud crab","Spartina",0.380005699603504
"1623","GTM","Mud crab","Spartina",0.442398822540215
"1624","GTM","Mud crab","Spartina",0.442757809910727
"1625","GTM","Mud crab","Spartina",0.4487627621847
"1626","GTM","Mud crab","Spartina",0.418804962344628
"1627","GTM","Mud crab","Spartina",0.456746142870505
"1628","GTM","Mud crab","Spartina",0.4697411935781
"1629","GTM","Mud crab","Spartina",0.422702799355252
"1630","GTM","Mud crab","Spartina",0.453969972130815
"1631","GTM","Mud crab","Spartina",0.427392619454013
"1632","GTM","Mud crab","Spartina",0.429757721411363
"1633","GTM","Mud crab","Spartina",0.440262082681914
"1634","GTM","Mud crab","Spartina",0.444011902663938
"1635","GTM","Mud crab","Spartina",0.416273633836055
"1636","GTM","Mud crab","Spartina",0.457588657512871
"1637","GTM","Mud crab","Spartina",0.419644538688732
"1638","GTM","Mud crab","Spartina",0.462432309109366
"1639","GTM","Mud crab","Spartina",0.468955495549565
"1640","GTM","Mud crab","Spartina",0.388900185245991
"1641","GTM","Mud crab","Spartina",0.442521191300664
"1642","GTM","Mud crab","Spartina",0.429278063881426
"1643","GTM","Mud crab","Spartina",0.414139798986179
"1644","GTM","Mud crab","Spartina",0.438132988021723
"1645","GTM","Mud crab","Spartina",0.466374236147049
"1646","GTM","Mud crab","Spartina",0.48123986139128
"1647","GTM","Mud crab","Spartina",0.39945473464355
"1648","GTM","Mud crab","Spartina",0.421194151051723
"1649","GTM","Mud crab","Spartina",0.423558771775224
"1650","GTM","Mud crab","Spartina",0.429144723287093
"1651","GTM","Mud crab","Spartina",0.406291758739425
"1652","GTM","Mud crab","Spartina",0.454764375481554
"1653","GTM","Mud crab","Spartina",0.438402363132418
"1654","GTM","Mud crab","Spartina",0.427116657235817
"1655","GTM","Mud crab","Spartina",0.412888142574572
"1656","GTM","Mud crab","Spartina",0.438587991306404
"1657","GTM","Mud crab","Spartina",0.421464732175152
"1658","GTM","Mud crab","Spartina",0.447284944422624
"1659","GTM","Mud crab","Spartina",0.408030294231066
"1660","GTM","Mud crab","Spartina",0.415439522030304
"1661","GTM","Mud crab","Spartina",0.436334803782119
"1662","GTM","Mud crab","Spartina",0.415410548856541
"1663","GTM","Mud crab","Spartina",0.406034562883864
"1664","GTM","Mud crab","Spartina",0.412738740332437
"1665","GTM","Mud crab","Spartina",0.443865414680995
"1666","GTM","Mud crab","Spartina",0.383775888262727
"1667","GTM","Mud crab","Spartina",0.455329474321214
"1668","GTM","Mud crab","Spartina",0.440556440119569
"1669","GTM","Mud crab","Spartina",0.386097620292871
"1670","GTM","Mud crab","Spartina",0.433692483137707
"1671","GTM","Mud crab","Spartina",0.408128324601375
"1672","GTM","Mud crab","Spartina",0.501051786899334
"1673","GTM","Mud crab","Spartina",0.434259449402043
"1674","GTM","Mud crab","Spartina",0.448264078506438
"1675","GTM","Mud crab","Spartina",0.437618978235539
"1676","GTM","Mud crab","Spartina",0.430259842029467
"1677","GTM","Mud crab","Spartina",0.444146575919325
"1678","GTM","Mud crab","Spartina",0.388897167734172
"1679","GTM","Mud crab","Spartina",0.424339816558984
"1680","GTM","Mud crab","Spartina",0.398549804684428
"1681","GTM","Mud crab","Spartina",0.469226203989937
"1682","GTM","Mud crab","Spartina",0.441114253660944
"1683","GTM","Mud crab","Spartina",0.437187651483014
"1684","GTM","Mud crab","Spartina",0.447493638888907
"1685","GTM","Mud crab","Spartina",0.40145418185124
"1686","GTM","Mud crab","Spartina",0.436425408603908
"1687","GTM","Mud crab","Spartina",0.418773684380527
"1688","GTM","Mud crab","Spartina",0.428878606106593
"1689","GTM","Mud crab","Spartina",0.461253209311426
"1690","GTM","Mud crab","Spartina",0.375599639239252
"1691","GTM","Mud crab","Spartina",0.439178348719871
"1692","GTM","Mud crab","Spartina",0.39372440648177
"1693","GTM","Mud crab","Spartina",0.413999279677703
"1694","GTM","Mud crab","Spartina",0.450637052081743
"1695","GTM","Mud crab","Spartina",0.385978489533669
"1696","GTM","Mud crab","Spartina",0.489550145916949
"1697","GTM","Mud crab","Spartina",0.390990279771044
"1698","GTM","Mud crab","Spartina",0.465999220470325
"1699","GTM","Mud crab","Spartina",0.402717599204842
"1700","GTM","Mud crab","Spartina",0.371790141319703
"1701","GTM","Oyster","Spartina",0.348080770958139
"1702","GTM","Oyster","Spartina",0.339776639794887
"1703","GTM","Oyster","Spartina",0.32939454348419
"1704","GTM","Oyster","Spartina",0.372453951941256
"1705","GTM","Oyster","Spartina",0.32723226486572
"1706","GTM","Oyster","Spartina",0.387821202649103
"1707","GTM","Oyster","Spartina",0.304767115027436
"1708","GTM","Oyster","Spartina",0.353933444718611
"1709","GTM","Oyster","Spartina",0.404009465810072
"1710","GTM","Oyster","Spartina",0.298982713284135
"1711","GTM","Oyster","Spartina",0.291305610856953
"1712","GTM","Oyster","Spartina",0.384852938298905
"1713","GTM","Oyster","Spartina",0.316776108818045
"1714","GTM","Oyster","Spartina",0.386355574564564
"1715","GTM","Oyster","Spartina",0.362920075096659
"1716","GTM","Oyster","Spartina",0.344631176942926
"1717","GTM","Oyster","Spartina",0.368275571705892
"1718","GTM","Oyster","Spartina",0.322780834808811
"1719","GTM","Oyster","Spartina",0.372787016480979
"1720","GTM","Oyster","Spartina",0.355025133585202
"1721","GTM","Oyster","Spartina",0.350175803735631
"1722","GTM","Oyster","Spartina",0.367062319568974
"1723","GTM","Oyster","Spartina",0.353290332911732
"1724","GTM","Oyster","Spartina",0.3776514828929
"1725","GTM","Oyster","Spartina",0.340629484522515
"1726","GTM","Oyster","Spartina",0.343825045172036
"1727","GTM","Oyster","Spartina",0.275425419724255
"1728","GTM","Oyster","Spartina",0.323368780417661
"1729","GTM","Oyster","Spartina",0.34427374699794
"1730","GTM","Oyster","Spartina",0.30304333441424
"1731","GTM","Oyster","Spartina",0.306993399536849
"1732","GTM","Oyster","Spartina",0.311949723567556
"1733","GTM","Oyster","Spartina",0.306294115977487
"1734","GTM","Oyster","Spartina",0.357250100800836
"1735","GTM","Oyster","Spartina",0.375687149316641
"1736","GTM","Oyster","Spartina",0.358569537905122
"1737","GTM","Oyster","Spartina",0.364056932813704
"1738","GTM","Oyster","Spartina",0.361675837670469
"1739","GTM","Oyster","Spartina",0.268817649824948
"1740","GTM","Oyster","Spartina",0.347501146943091
"1741","GTM","Oyster","Spartina",0.406284446646183
"1742","GTM","Oyster","Spartina",0.37030265701528
"1743","GTM","Oyster","Spartina",0.331845973435871
"1744","GTM","Oyster","Spartina",0.287989827540146
"1745","GTM","Oyster","Spartina",0.333405736104158
"1746","GTM","Oyster","Spartina",0.329313186838165
"1747","GTM","Oyster","Spartina",0.346111076086652
"1748","GTM","Oyster","Spartina",0.348835223016292
"1749","GTM","Oyster","Spartina",0.309559865508041
"1750","GTM","Oyster","Spartina",0.294569648706794
"1751","GTM","Oyster","Spartina",0.368324263922037
"1752","GTM","Oyster","Spartina",0.380286412420461
"1753","GTM","Oyster","Spartina",0.383941864253996
"1754","GTM","Oyster","Spartina",0.371905818259248
"1755","GTM","Oyster","Spartina",0.303145942262906
"1756","GTM","Oyster","Spartina",0.375276527626263
"1757","GTM","Oyster","Spartina",0.350648776366028
"1758","GTM","Oyster","Spartina",0.330643630852068
"1759","GTM","Oyster","Spartina",0.35585579072772
"1760","GTM","Oyster","Spartina",0.350426037525863
"1761","GTM","Oyster","Spartina",0.361115391152108
"1762","GTM","Oyster","Spartina",0.320814001935343
"1763","GTM","Oyster","Spartina",0.366108094885906
"1764","GTM","Oyster","Spartina",0.325476224786385
"1765","GTM","Oyster","Spartina",0.327693085441435
"1766","GTM","Oyster","Spartina",0.346786409518736
"1767","GTM","Oyster","Spartina",0.359682245004866
"1768","GTM","Oyster","Spartina",0.388864723490914
"1769","GTM","Oyster","Spartina",0.305025807960195
"1770","GTM","Oyster","Spartina",0.370373264476138
"1771","GTM","Oyster","Spartina",0.336589969217665
"1772","GTM","Oyster","Spartina",0.319500662096284
"1773","GTM","Oyster","Spartina",0.31852032678081
"1774","GTM","Oyster","Spartina",0.289250186422863
"1775","GTM","Oyster","Spartina",0.370235786606368
"1776","GTM","Oyster","Spartina",0.294908326848836
"1777","GTM","Oyster","Spartina",0.349615793946228
"1778","GTM","Oyster","Spartina",0.320504215945645
"1779","GTM","Oyster","Spartina",0.313457811381765
"1780","GTM","Oyster","Spartina",0.294319168642892
"1781","GTM","Oyster","Spartina",0.364415651513556
"1782","GTM","Oyster","Spartina",0.33667981809046
"1783","GTM","Oyster","Spartina",0.296761371483004
"1784","GTM","Oyster","Spartina",0.302021599409496
"1785","GTM","Oyster","Spartina",0.344146197398673
"1786","GTM","Oyster","Spartina",0.303976925605233
"1787","GTM","Oyster","Spartina",0.307137322964958
"1788","GTM","Oyster","Spartina",0.364600769445426
"1789","GTM","Oyster","Spartina",0.325462701874911
"1790","GTM","Oyster","Spartina",0.365008731922205
"1791","GTM","Oyster","Spartina",0.282648628458233
"1792","GTM","Oyster","Spartina",0.344370239135863
"1793","GTM","Oyster","Spartina",0.362002453012162
"1794","GTM","Oyster","Spartina",0.321937107706441
"1795","GTM","Oyster","Spartina",0.356346571549815
"1796","GTM","Oyster","Spartina",0.354233665514662
"1797","GTM","Oyster","Spartina",0.35406265511416
"1798","GTM","Oyster","Spartina",0.343550380141758
"1799","GTM","Oyster","Spartina",0.361633385647417
"1800","GTM","Oyster","Spartina",0.395830026752653
"1801","NC","Mud crab","Spartina",0.366473631138948
"1802","NC","Mud crab","Spartina",0.251283142094238
"1803","NC","Mud crab","Spartina",0.415034533780728
"1804","NC","Mud crab","Spartina",0.356607608263265
"1805","NC","Mud crab","Spartina",0.422689369813974
"1806","NC","Mud crab","Spartina",0.367893888486199
"1807","NC","Mud crab","Spartina",0.447730895063023
"1808","NC","Mud crab","Spartina",0.281358024781545
"1809","NC","Mud crab","Spartina",0.239712547555466
"1810","NC","Mud crab","Spartina",0.367800587010284
"1811","NC","Mud crab","Spartina",0.300026672625145
"1812","NC","Mud crab","Spartina",0.131363798051715
"1813","NC","Mud crab","Spartina",0.353223683447514
"1814","NC","Mud crab","Spartina",0.209662627527062
"1815","NC","Mud crab","Spartina",0.370090142147001
"1816","NC","Mud crab","Spartina",0.419100139143389
"1817","NC","Mud crab","Spartina",0.281274369083157
"1818","NC","Mud crab","Spartina",0.338326399964955
"1819","NC","Mud crab","Spartina",0.161895501214757
"1820","NC","Mud crab","Spartina",0.242924802198882
"1821","NC","Mud crab","Spartina",0.316707799642333
"1822","NC","Mud crab","Spartina",0.298974978960113
"1823","NC","Mud crab","Spartina",0.352505851804889
"1824","NC","Mud crab","Spartina",0.182378789619511
"1825","NC","Mud crab","Spartina",0.381984355827843
"1826","NC","Mud crab","Spartina",0.289516251480404
"1827","NC","Mud crab","Spartina",0.224711378833389
"1828","NC","Mud crab","Spartina",0.384875210213887
"1829","NC","Mud crab","Spartina",0.29053370111509
"1830","NC","Mud crab","Spartina",0.275768546769438
"1831","NC","Mud crab","Spartina",0.393830524506088
"1832","NC","Mud crab","Spartina",0.346529431587581
"1833","NC","Mud crab","Spartina",0.186629172414013
"1834","NC","Mud crab","Spartina",0.273084232211096
"1835","NC","Mud crab","Spartina",0.184690142631413
"1836","NC","Mud crab","Spartina",0.30419235334536
"1837","NC","Mud crab","Spartina",0.252095561723258
"1838","NC","Mud crab","Spartina",0.381971050294251
"1839","NC","Mud crab","Spartina",0.29579270248404
"1840","NC","Mud crab","Spartina",0.351144429617914
"1841","NC","Mud crab","Spartina",0.36082672195453
"1842","NC","Mud crab","Spartina",0.214034775134265
"1843","NC","Mud crab","Spartina",0.322344247322555
"1844","NC","Mud crab","Spartina",0.294834046473406
"1845","NC","Mud crab","Spartina",0.257253435963654
"1846","NC","Mud crab","Spartina",0.232780927368022
"1847","NC","Mud crab","Spartina",0.33935911821634
"1848","NC","Mud crab","Spartina",0.0989329833588891
"1849","NC","Mud crab","Spartina",0.390744968919834
"1850","NC","Mud crab","Spartina",0.259070559766455
"1851","NC","Mud crab","Spartina",0.369566408971107
"1852","NC","Mud crab","Spartina",0.373144254006397
"1853","NC","Mud crab","Spartina",0.37958243353943
"1854","NC","Mud crab","Spartina",0.284095279824176
"1855","NC","Mud crab","Spartina",0.30662404408964
"1856","NC","Mud crab","Spartina",0.392133351408156
"1857","NC","Mud crab","Spartina",0.283340474583232
"1858","NC","Mud crab","Spartina",0.272931228894944
"1859","NC","Mud crab","Spartina",0.361560847781843
"1860","NC","Mud crab","Spartina",0.383687874664287
"1861","NC","Mud crab","Spartina",0.360828880504975
"1862","NC","Mud crab","Spartina",0.36987489205857
"1863","NC","Mud crab","Spartina",0.376869799892491
"1864","NC","Mud crab","Spartina",0.242505512135776
"1865","NC","Mud crab","Spartina",0.27692845451724
"1866","NC","Mud crab","Spartina",0.39674310431345
"1867","NC","Mud crab","Spartina",0.372187548257662
"1868","NC","Mud crab","Spartina",0.271093780807867
"1869","NC","Mud crab","Spartina",0.326021278181984
"1870","NC","Mud crab","Spartina",0.36416353037238
"1871","NC","Mud crab","Spartina",0.328719115196
"1872","NC","Mud crab","Spartina",0.320514282979347
"1873","NC","Mud crab","Spartina",0.156309474029731
"1874","NC","Mud crab","Spartina",0.263390617972233
"1875","NC","Mud crab","Spartina",0.322340992212225
"1876","NC","Mud crab","Spartina",0.355003612587334
"1877","NC","Mud crab","Spartina",0.426652394514295
"1878","NC","Mud crab","Spartina",0.294743617138336
"1879","NC","Mud crab","Spartina",0.263682657393397
"1880","NC","Mud crab","Spartina",0.265795612148292
"1881","NC","Mud crab","Spartina",0.345566473464357
"1882","NC","Mud crab","Spartina",0.25493313219658
"1883","NC","Mud crab","Spartina",0.340727001219441
"1884","NC","Mud crab","Spartina",0.35883564626473
"1885","NC","Mud crab","Spartina",0.389393254388186
"1886","NC","Mud crab","Spartina",0.38593244154477
"1887","NC","Mud crab","Spartina",0.266115601941125
"1888","NC","Mud crab","Spartina",0.288224039400548
"1889","NC","Mud crab","Spartina",0.298170718063783
"1890","NC","Mud crab","Spartina",0.220506401261945
"1891","NC","Mud crab","Spartina",0.346250899831282
"1892","NC","Mud crab","Spartina",0.434137057221823
"1893","NC","Mud crab","Spartina",0.378589058468822
"1894","NC","Mud crab","Spartina",0.3815182894678
"1895","NC","Mud crab","Spartina",0.375123150529151
"1896","NC","Mud crab","Spartina",0.285181545777956
"1897","NC","Mud crab","Spartina",0.426271036169119
"1898","NC","Mud crab","Spartina",0.419982629934427
"1899","NC","Mud crab","Spartina",0.307566823176079
"1900","NC","Mud crab","Spartina",0.350148964301451
"1901","NC","Oyster","Spartina",0.0556586905324724
"1902","NC","Oyster","Spartina",0.146481559421111
"1903","NC","Oyster","Spartina",0.260756115711556
"1904","NC","Oyster","Spartina",0.227819643659609
"1905","NC","Oyster","Spartina",0.180179907575756
"1906","NC","Oyster","Spartina",0.105233142262234
"1907","NC","Oyster","Spartina",0.222350227755976
"1908","NC","Oyster","Spartina",0.0640163593810774
"1909","NC","Oyster","Spartina",0.177492984083278
"1910","NC","Oyster","Spartina",0.166447145472267
"1911","NC","Oyster","Spartina",0.145647668770342
"1912","NC","Oyster","Spartina",0.140054078437528
"1913","NC","Oyster","Spartina",0.0375501610681027
"1914","NC","Oyster","Spartina",0.199016879466122
"1915","NC","Oyster","Spartina",0.188949202633489
"1916","NC","Oyster","Spartina",0.150198111982632
"1917","NC","Oyster","Spartina",0.15496037649636
"1918","NC","Oyster","Spartina",0.129822459232033
"1919","NC","Oyster","Spartina",0.206364221002991
"1920","NC","Oyster","Spartina",0.208975457917971
"1921","NC","Oyster","Spartina",0.11356398300664
"1922","NC","Oyster","Spartina",0.159879084363169
"1923","NC","Oyster","Spartina",0.123903520649368
"1924","NC","Oyster","Spartina",0.164810554651056
"1925","NC","Oyster","Spartina",0.157163898611287
"1926","NC","Oyster","Spartina",0.119373361587865
"1927","NC","Oyster","Spartina",0.306566253430819
"1928","NC","Oyster","Spartina",0.0896029517196656
"1929","NC","Oyster","Spartina",0.214058371692235
"1930","NC","Oyster","Spartina",0.144807236004538
"1931","NC","Oyster","Spartina",0.203390230190799
"1932","NC","Oyster","Spartina",0.250494493228085
"1933","NC","Oyster","Spartina",0.193617866323921
"1934","NC","Oyster","Spartina",0.0799267358863227
"1935","NC","Oyster","Spartina",0.183292116318098
"1936","NC","Oyster","Spartina",0.112969229166542
"1937","NC","Oyster","Spartina",0.144379835804519
"1938","NC","Oyster","Spartina",0.122518571722857
"1939","NC","Oyster","Spartina",0.175464743298001
"1940","NC","Oyster","Spartina",0.0966929094364746
"1941","NC","Oyster","Spartina",0.0728349152829828
"1942","NC","Oyster","Spartina",0.192301583214408
"1943","NC","Oyster","Spartina",0.0465226934956504
"1944","NC","Oyster","Spartina",0.315180520756753
"1945","NC","Oyster","Spartina",0.132253801818159
"1946","NC","Oyster","Spartina",0.151567753310445
"1947","NC","Oyster","Spartina",0.263444653819467
"1948","NC","Oyster","Spartina",0.20524976773505
"1949","NC","Oyster","Spartina",0.145783997941385
"1950","NC","Oyster","Spartina",0.146722436108601
"1951","NC","Oyster","Spartina",0.150758466712978
"1952","NC","Oyster","Spartina",0.131917872342059
"1953","NC","Oyster","Spartina",0.178833135346898
"1954","NC","Oyster","Spartina",0.152319535300272
"1955","NC","Oyster","Spartina",0.223856210945105
"1956","NC","Oyster","Spartina",0.13509082309267
"1957","NC","Oyster","Spartina",0.160166508637744
"1958","NC","Oyster","Spartina",0.282673605140124
"1959","NC","Oyster","Spartina",0.21209684271481
"1960","NC","Oyster","Spartina",0.091461704574103
"1961","NC","Oyster","Spartina",0.161508139647343
"1962","NC","Oyster","Spartina",0.134198946961647
"1963","NC","Oyster","Spartina",0.175407453135664
"1964","NC","Oyster","Spartina",0.204928429077007
"1965","NC","Oyster","Spartina",0.175912760945675
"1966","NC","Oyster","Spartina",0.0415381141486924
"1967","NC","Oyster","Spartina",0.181673992349392
"1968","NC","Oyster","Spartina",0.187705781201409
"1969","NC","Oyster","Spartina",0.219106051797531
"1970","NC","Oyster","Spartina",0.157114759373362
"1971","NC","Oyster","Spartina",0.156416746614406
"1972","NC","Oyster","Spartina",0.119741124822609
"1973","NC","Oyster","Spartina",0.153920500461705
"1974","NC","Oyster","Spartina",0.169809546809238
"1975","NC","Oyster","Spartina",0.0671699419243349
"1976","NC","Oyster","Spartina",0.210691846158593
"1977","NC","Oyster","Spartina",0.149712695831645
"1978","NC","Oyster","Spartina",0.12841225795472
"1979","NC","Oyster","Spartina",0.148818740646457
"1980","NC","Oyster","Spartina",0.137395059905956
"1981","NC","Oyster","Spartina",0.138532004474976
"1982","NC","Oyster","Spartina",0.257191271711667
"1983","NC","Oyster","Spartina",0.199931552495954
"1984","NC","Oyster","Spartina",0.24721629129098
"1985","NC","Oyster","Spartina",0.265630654743745
"1986","NC","Oyster","Spartina",0.234701617817698
"1987","NC","Oyster","Spartina",0.218536402376128
"1988","NC","Oyster","Spartina",0.186592708472869
"1989","NC","Oyster","Spartina",0.233201361099012
"1990","NC","Oyster","Spartina",0.148430176262457
"1991","NC","Oyster","Spartina",0.0848517241786055
"1992","NC","Oyster","Spartina",0.22982637330568
"1993","NC","Oyster","Spartina",0.191133487351928
"1994","NC","Oyster","Spartina",0.118664304919367
"1995","NC","Oyster","Spartina",0.14421727824998
"1996","NC","Oyster","Spartina",0.142964408499718
"1997","NC","Oyster","Spartina",0.16950001134591
"1998","NC","Oyster","Spartina",0.0873348568005199
"1999","NC","Oyster","Spartina",0.173933864923751
"2000","NC","Oyster","Spartina",0.229950951602027
"2001","NI","Mud crab","Spartina",0.670005595231776
"2002","NI","Mud crab","Spartina",0.689125494571575
"2003","NI","Mud crab","Spartina",0.684069800705661
"2004","NI","Mud crab","Spartina",0.659650936848435
"2005","NI","Mud crab","Spartina",0.753040567032185
"2006","NI","Mud crab","Spartina",0.705193602364495
"2007","NI","Mud crab","Spartina",0.688133576864245
"2008","NI","Mud crab","Spartina",0.610272271957003
"2009","NI","Mud crab","Spartina",0.741851426764852
"2010","NI","Mud crab","Spartina",0.724561131307655
"2011","NI","Mud crab","Spartina",0.704837845487578
"2012","NI","Mud crab","Spartina",0.730280990593472
"2013","NI","Mud crab","Spartina",0.744697991442535
"2014","NI","Mud crab","Spartina",0.704098008782129
"2015","NI","Mud crab","Spartina",0.70111725165484
"2016","NI","Mud crab","Spartina",0.70032419109892
"2017","NI","Mud crab","Spartina",0.672569532969379
"2018","NI","Mud crab","Spartina",0.722572854568944
"2019","NI","Mud crab","Spartina",0.671161493084883
"2020","NI","Mud crab","Spartina",0.694150460978334
"2021","NI","Mud crab","Spartina",0.656414382264691
"2022","NI","Mud crab","Spartina",0.640533682485721
"2023","NI","Mud crab","Spartina",0.634738843950668
"2024","NI","Mud crab","Spartina",0.659863856865356
"2025","NI","Mud crab","Spartina",0.714651712700847
"2026","NI","Mud crab","Spartina",0.689744932564013
"2027","NI","Mud crab","Spartina",0.713005895741991
"2028","NI","Mud crab","Spartina",0.706721252028981
"2029","NI","Mud crab","Spartina",0.715009749200538
"2030","NI","Mud crab","Spartina",0.674496934751557
"2031","NI","Mud crab","Spartina",0.671369097605264
"2032","NI","Mud crab","Spartina",0.648171422345879
"2033","NI","Mud crab","Spartina",0.717210154516214
"2034","NI","Mud crab","Spartina",0.695117585399806
"2035","NI","Mud crab","Spartina",0.670901407552963
"2036","NI","Mud crab","Spartina",0.723928212992359
"2037","NI","Mud crab","Spartina",0.684011004269849
"2038","NI","Mud crab","Spartina",0.644173562147673
"2039","NI","Mud crab","Spartina",0.708789521856805
"2040","NI","Mud crab","Spartina",0.654375072950013
"2041","NI","Mud crab","Spartina",0.698392117107383
"2042","NI","Mud crab","Spartina",0.700006479721804
"2043","NI","Mud crab","Spartina",0.649788981861328
"2044","NI","Mud crab","Spartina",0.730126093438946
"2045","NI","Mud crab","Spartina",0.676878297049978
"2046","NI","Mud crab","Spartina",0.64444146304648
"2047","NI","Mud crab","Spartina",0.754485148703066
"2048","NI","Mud crab","Spartina",0.68164403307343
"2049","NI","Mud crab","Spartina",0.672385710765165
"2050","NI","Mud crab","Spartina",0.651419022737527
"2051","NI","Mud crab","Spartina",0.674251160895218
"2052","NI","Mud crab","Spartina",0.714394608772324
"2053","NI","Mud crab","Spartina",0.659797912628565
"2054","NI","Mud crab","Spartina",0.693688339926215
"2055","NI","Mud crab","Spartina",0.649940379972246
"2056","NI","Mud crab","Spartina",0.735845746305737
"2057","NI","Mud crab","Spartina",0.705105288521798
"2058","NI","Mud crab","Spartina",0.657317867362263
"2059","NI","Mud crab","Spartina",0.677315747083437
"2060","NI","Mud crab","Spartina",0.659342912232575
"2061","NI","Mud crab","Spartina",0.742478526567418
"2062","NI","Mud crab","Spartina",0.729073956008883
"2063","NI","Mud crab","Spartina",0.723846982720925
"2064","NI","Mud crab","Spartina",0.74545543656966
"2065","NI","Mud crab","Spartina",0.657307522562528
"2066","NI","Mud crab","Spartina",0.73932944714582
"2067","NI","Mud crab","Spartina",0.674812711320501
"2068","NI","Mud crab","Spartina",0.669323486391178
"2069","NI","Mud crab","Spartina",0.728922131856781
"2070","NI","Mud crab","Spartina",0.707210620368058
"2071","NI","Mud crab","Spartina",0.70923933473394
"2072","NI","Mud crab","Spartina",0.693638713007649
"2073","NI","Mud crab","Spartina",0.697412473829375
"2074","NI","Mud crab","Spartina",0.637792053815296
"2075","NI","Mud crab","Spartina",0.696990084166151
"2076","NI","Mud crab","Spartina",0.662350158903481
"2077","NI","Mud crab","Spartina",0.731669486437312
"2078","NI","Mud crab","Spartina",0.636144892031293
"2079","NI","Mud crab","Spartina",0.738933678692801
"2080","NI","Mud crab","Spartina",0.676437006028938
"2081","NI","Mud crab","Spartina",0.668945268679767
"2082","NI","Mud crab","Spartina",0.69363475723698
"2083","NI","Mud crab","Spartina",0.658323636929767
"2084","NI","Mud crab","Spartina",0.669812263673089
"2085","NI","Mud crab","Spartina",0.691354978343566
"2086","NI","Mud crab","Spartina",0.683164890373474
"2087","NI","Mud crab","Spartina",0.7133731984491
"2088","NI","Mud crab","Spartina",0.716285999227152
"2089","NI","Mud crab","Spartina",0.706409259536594
"2090","NI","Mud crab","Spartina",0.686106816100974
"2091","NI","Mud crab","Spartina",0.68468374501406
"2092","NI","Mud crab","Spartina",0.740366984024138
"2093","NI","Mud crab","Spartina",0.71924072960198
"2094","NI","Mud crab","Spartina",0.645983854355934
"2095","NI","Mud crab","Spartina",0.669282634267746
"2096","NI","Mud crab","Spartina",0.672157550788997
"2097","NI","Mud crab","Spartina",0.66542526979338
"2098","NI","Mud crab","Spartina",0.670666569380246
"2099","NI","Mud crab","Spartina",0.676690921039494
"2100","NI","Mud crab","Spartina",0.726178130304573
"2101","NI","Oyster","Spartina",0.386336715440054
"2102","NI","Oyster","Spartina",0.354560451936393
"2103","NI","Oyster","Spartina",0.440965880315088
"2104","NI","Oyster","Spartina",0.345279897907435
"2105","NI","Oyster","Spartina",0.380477167438212
"2106","NI","Oyster","Spartina",0.34925053430032
"2107","NI","Oyster","Spartina",0.316679239970227
"2108","NI","Oyster","Spartina",0.407158463952073
"2109","NI","Oyster","Spartina",0.372830661580502
"2110","NI","Oyster","Spartina",0.347937358600036
"2111","NI","Oyster","Spartina",0.315870343993541
"2112","NI","Oyster","Spartina",0.45517801117606
"2113","NI","Oyster","Spartina",0.441850297537496
"2114","NI","Oyster","Spartina",0.427345416057488
"2115","NI","Oyster","Spartina",0.459487816420228
"2116","NI","Oyster","Spartina",0.407351504772525
"2117","NI","Oyster","Spartina",0.482889517982187
"2118","NI","Oyster","Spartina",0.393428593314234
"2119","NI","Oyster","Spartina",0.343528687430245
"2120","NI","Oyster","Spartina",0.311385781242899
"2121","NI","Oyster","Spartina",0.339709982743535
"2122","NI","Oyster","Spartina",0.416301409709651
"2123","NI","Oyster","Spartina",0.389125561159548
"2124","NI","Oyster","Spartina",0.384167387322231
"2125","NI","Oyster","Spartina",0.414878653259549
"2126","NI","Oyster","Spartina",0.430730265411538
"2127","NI","Oyster","Spartina",0.348223031652711
"2128","NI","Oyster","Spartina",0.451331239515746
"2129","NI","Oyster","Spartina",0.360999569391285
"2130","NI","Oyster","Spartina",0.420413306547134
"2131","NI","Oyster","Spartina",0.324031771339253
"2132","NI","Oyster","Spartina",0.379811829459689
"2133","NI","Oyster","Spartina",0.370885642509668
"2134","NI","Oyster","Spartina",0.451062537759487
"2135","NI","Oyster","Spartina",0.363394623407
"2136","NI","Oyster","Spartina",0.431577913712949
"2137","NI","Oyster","Spartina",0.364195629854849
"2138","NI","Oyster","Spartina",0.402251836151043
"2139","NI","Oyster","Spartina",0.424791228504085
"2140","NI","Oyster","Spartina",0.405018690202066
"2141","NI","Oyster","Spartina",0.25820257631777
"2142","NI","Oyster","Spartina",0.360068872217274
"2143","NI","Oyster","Spartina",0.417976012686153
"2144","NI","Oyster","Spartina",0.48745290198957
"2145","NI","Oyster","Spartina",0.404419705797482
"2146","NI","Oyster","Spartina",0.358619802844832
"2147","NI","Oyster","Spartina",0.37722105010685
"2148","NI","Oyster","Spartina",0.435733895262661
"2149","NI","Oyster","Spartina",0.425377629565064
"2150","NI","Oyster","Spartina",0.377546608200636
"2151","NI","Oyster","Spartina",0.389988833845866
"2152","NI","Oyster","Spartina",0.4314761310575
"2153","NI","Oyster","Spartina",0.415577503996897
"2154","NI","Oyster","Spartina",0.403090011019656
"2155","NI","Oyster","Spartina",0.435820409326755
"2156","NI","Oyster","Spartina",0.443425592148229
"2157","NI","Oyster","Spartina",0.408371427910262
"2158","NI","Oyster","Spartina",0.450759548102961
"2159","NI","Oyster","Spartina",0.357494001410979
"2160","NI","Oyster","Spartina",0.408538695737618
"2161","NI","Oyster","Spartina",0.360276233097628
"2162","NI","Oyster","Spartina",0.398158907313611
"2163","NI","Oyster","Spartina",0.431460256783224
"2164","NI","Oyster","Spartina",0.400753662191635
"2165","NI","Oyster","Spartina",0.379245561532481
"2166","NI","Oyster","Spartina",0.494567152283727
"2167","NI","Oyster","Spartina",0.413967267142406
"2168","NI","Oyster","Spartina",0.386950086962875
"2169","NI","Oyster","Spartina",0.391474610890556
"2170","NI","Oyster","Spartina",0.456163407795669
"2171","NI","Oyster","Spartina",0.430486761659182
"2172","NI","Oyster","Spartina",0.481058537781419
"2173","NI","Oyster","Spartina",0.324607174768287
"2174","NI","Oyster","Spartina",0.294620748068768
"2175","NI","Oyster","Spartina",0.35401231326481
"2176","NI","Oyster","Spartina",0.347922223146407
"2177","NI","Oyster","Spartina",0.458542509473383
"2178","NI","Oyster","Spartina",0.341829716237696
"2179","NI","Oyster","Spartina",0.38184665740127
"2180","NI","Oyster","Spartina",0.438609719684045
"2181","NI","Oyster","Spartina",0.360587724640553
"2182","NI","Oyster","Spartina",0.377203759314873
"2183","NI","Oyster","Spartina",0.384525122150642
"2184","NI","Oyster","Spartina",0.303320694615435
"2185","NI","Oyster","Spartina",0.435764156496115
"2186","NI","Oyster","Spartina",0.38225703660934
"2187","NI","Oyster","Spartina",0.39438710116833
"2188","NI","Oyster","Spartina",0.401008373538199
"2189","NI","Oyster","Spartina",0.348485685589277
"2190","NI","Oyster","Spartina",0.473014213748397
"2191","NI","Oyster","Spartina",0.427743535129547
"2192","NI","Oyster","Spartina",0.414597697251613
"2193","NI","Oyster","Spartina",0.392680635265137
"2194","NI","Oyster","Spartina",0.324269001383106
"2195","NI","Oyster","Spartina",0.344261393540395
"2196","NI","Oyster","Spartina",0.395314962238669
"2197","NI","Oyster","Spartina",0.403257737375446
"2198","NI","Oyster","Spartina",0.399639002301144
"2199","NI","Oyster","Spartina",0.360001672179563
"2200","NI","Oyster","Spartina",0.424270639476171
"2201","SI","Mud crab","Spartina",0.0259589269001321
"2202","SI","Mud crab","Spartina",0.0172957825254713
"2203","SI","Mud crab","Spartina",0.00615705422427894
"2204","SI","Mud crab","Spartina",0.058083508390915
"2205","SI","Mud crab","Spartina",0.0232640760053398
"2206","SI","Mud crab","Spartina",0.000580132435717075
"2207","SI","Mud crab","Spartina",0.0117686474142194
"2208","SI","Mud crab","Spartina",0.0489328345694471
"2209","SI","Mud crab","Spartina",0.031021568268714
"2210","SI","Mud crab","Spartina",0.0590674997916381
"2211","SI","Mud crab","Spartina",0.0333336907165229
"2212","SI","Mud crab","Spartina",0.0673386968266965
"2213","SI","Mud crab","Spartina",0.0435297467131227
"2214","SI","Mud crab","Spartina",0.0605493248833582
"2215","SI","Mud crab","Spartina",0.0476959231570565
"2216","SI","Mud crab","Spartina",0.0154639275127546
"2217","SI","Mud crab","Spartina",0.0613269372344046
"2218","SI","Mud crab","Spartina",0.00495099534110973
"2219","SI","Mud crab","Spartina",0.0597911432241667
"2220","SI","Mud crab","Spartina",0.049919178794603
"2221","SI","Mud crab","Spartina",0.0349882000550783
"2222","SI","Mud crab","Spartina",0.057883779756939
"2223","SI","Mud crab","Spartina",0.0364429059794733
"2224","SI","Mud crab","Spartina",0.0245647995158485
"2225","SI","Mud crab","Spartina",0.0237850609856676
"2226","SI","Mud crab","Spartina",0.038870126707899
"2227","SI","Mud crab","Spartina",0.0136517481598158
"2228","SI","Mud crab","Spartina",0.0650884452769945
"2229","SI","Mud crab","Spartina",0.0529461892401557
"2230","SI","Mud crab","Spartina",0.00618301265686169
"2231","SI","Mud crab","Spartina",0.0127654121711734
"2232","SI","Mud crab","Spartina",0.0558529922680281
"2233","SI","Mud crab","Spartina",0.0329664360454148
"2234","SI","Mud crab","Spartina",0.0501935832581545
"2235","SI","Mud crab","Spartina",0.0205325230015035
"2236","SI","Mud crab","Spartina",0.00673889225614237
"2237","SI","Mud crab","Spartina",0.03318077571191
"2238","SI","Mud crab","Spartina",0.0619847822318528
"2239","SI","Mud crab","Spartina",0.0502200166594922
"2240","SI","Mud crab","Spartina",0.014513669445192
"2241","SI","Mud crab","Spartina",0.0612635664226887
"2242","SI","Mud crab","Spartina",0.00645700621786442
"2243","SI","Mud crab","Spartina",0.0610182558817164
"2244","SI","Mud crab","Spartina",0.052210654995387
"2245","SI","Mud crab","Spartina",0.0536370375545435
"2246","SI","Mud crab","Spartina",0.0755040157435447
"2247","SI","Mud crab","Spartina",0.0275417874017785
"2248","SI","Mud crab","Spartina",0.0206214972436137
"2249","SI","Mud crab","Spartina",0.0600314860851833
"2250","SI","Mud crab","Spartina",0.0292929210567951
"2251","SI","Mud crab","Spartina",0.0350882668993138
"2252","SI","Mud crab","Spartina",0.0138364847798197
"2253","SI","Mud crab","Spartina",0.0461646951512224
"2254","SI","Mud crab","Spartina",0.000540673684607678
"2255","SI","Mud crab","Spartina",0.00692736674986488
"2256","SI","Mud crab","Spartina",0.00700028121656294
"2257","SI","Mud crab","Spartina",0.00248919201092329
"2258","SI","Mud crab","Spartina",0.007469218941961
"2259","SI","Mud crab","Spartina",0.0514242350647464
"2260","SI","Mud crab","Spartina",0.0528069713108396
"2261","SI","Mud crab","Spartina",0.071057896689415
"2262","SI","Mud crab","Spartina",0.0122199123935016
"2263","SI","Mud crab","Spartina",0.0375747523437722
"2264","SI","Mud crab","Spartina",0.0656331239239367
"2265","SI","Mud crab","Spartina",0.0600672133240083
"2266","SI","Mud crab","Spartina",0.0580044886431965
"2267","SI","Mud crab","Spartina",0.0188691010631144
"2268","SI","Mud crab","Spartina",0.00799291375528994
"2269","SI","Mud crab","Spartina",0.00279413332083079
"2270","SI","Mud crab","Spartina",0.0139267620282024
"2271","SI","Mud crab","Spartina",0.042239332301492
"2272","SI","Mud crab","Spartina",0.0146932144454443
"2273","SI","Mud crab","Spartina",0.0349464976157511
"2274","SI","Mud crab","Spartina",0.0338813409143211
"2275","SI","Mud crab","Spartina",0.0106784055689614
"2276","SI","Mud crab","Spartina",0.00938754930728547
"2277","SI","Mud crab","Spartina",0.0574176134290685
"2278","SI","Mud crab","Spartina",0.0158780650285782
"2279","SI","Mud crab","Spartina",0.0309610516856583
"2280","SI","Mud crab","Spartina",0.0244582528945358
"2281","SI","Mud crab","Spartina",0.0237195311343032
"2282","SI","Mud crab","Spartina",0.0281722318302108
"2283","SI","Mud crab","Spartina",0.00841358820571574
"2284","SI","Mud crab","Spartina",0.0448253677012007
"2285","SI","Mud crab","Spartina",0.0298120770145717
"2286","SI","Mud crab","Spartina",0.0341641518812307
"2287","SI","Mud crab","Spartina",0.0408453579338922
"2288","SI","Mud crab","Spartina",0.0512235672642187
"2289","SI","Mud crab","Spartina",0.00542531063199613
"2290","SI","Mud crab","Spartina",0.0329120606938972
"2291","SI","Mud crab","Spartina",0.0169205398704104
"2292","SI","Mud crab","Spartina",0.0651731901625845
"2293","SI","Mud crab","Spartina",0.0335267545291358
"2294","SI","Mud crab","Spartina",0.00969821910482909
"2295","SI","Mud crab","Spartina",0.044361634282496
"2296","SI","Mud crab","Spartina",0.0386903039296798
"2297","SI","Mud crab","Spartina",0.0200811657265843
"2298","SI","Mud crab","Spartina",0.029197210126564
"2299","SI","Mud crab","Spartina",0.0360070148015205
"2300","SI","Mud crab","Spartina",0.00259091183638213
"2301","SI","Oyster","Spartina",0.0155395581212875
"2302","SI","Oyster","Spartina",0.0140696233746332
"2303","SI","Oyster","Spartina",0.00899163689156552
"2304","SI","Oyster","Spartina",0.0318179034486709
"2305","SI","Oyster","Spartina",0.0218765022554613
"2306","SI","Oyster","Spartina",0.00701759922241072
"2307","SI","Oyster","Spartina",0.0134642569884748
"2308","SI","Oyster","Spartina",0.00030609656608968
"2309","SI","Oyster","Spartina",0.00718683728860723
"2310","SI","Oyster","Spartina",0.0164701844800815
"2311","SI","Oyster","Spartina",0.00466014952504528
"2312","SI","Oyster","Spartina",0.0206323245328451
"2313","SI","Oyster","Spartina",0.00831799328113995
"2314","SI","Oyster","Spartina",0.00187459162657079
"2315","SI","Oyster","Spartina",0.00892098141223968
"2316","SI","Oyster","Spartina",0.000282770873053098
"2317","SI","Oyster","Spartina",0.0211519685757535
"2318","SI","Oyster","Spartina",0.0199639939191476
"2319","SI","Oyster","Spartina",0.00666147137102315
"2320","SI","Oyster","Spartina",0.00455967417055553
"2321","SI","Oyster","Spartina",0.0186292929723315
"2322","SI","Oyster","Spartina",0.00828409694300754
"2323","SI","Oyster","Spartina",0.0291829567501605
"2324","SI","Oyster","Spartina",0.0198675492701316
"2325","SI","Oyster","Spartina",0.0162331031602109
"2326","SI","Oyster","Spartina",0.00317569031972787
"2327","SI","Oyster","Spartina",0.0304217772450907
"2328","SI","Oyster","Spartina",0.0242315630326237
"2329","SI","Oyster","Spartina",0.0221361679557005
"2330","SI","Oyster","Spartina",0.0184543834633741
"2331","SI","Oyster","Spartina",0.0250060784894413
"2332","SI","Oyster","Spartina",0.0186435820208056
"2333","SI","Oyster","Spartina",0.0016922097885803
"2334","SI","Oyster","Spartina",0.00873930864013928
"2335","SI","Oyster","Spartina",0.0305927460342392
"2336","SI","Oyster","Spartina",0.00595114059873307
"2337","SI","Oyster","Spartina",0.00910528887049986
"2338","SI","Oyster","Spartina",0.0115963226373861
"2339","SI","Oyster","Spartina",0.0155133905244777
"2340","SI","Oyster","Spartina",0.00182429402564437
"2341","SI","Oyster","Spartina",0.0120032719690088
"2342","SI","Oyster","Spartina",0.00850204573438832
"2343","SI","Oyster","Spartina",0.023187507775017
"2344","SI","Oyster","Spartina",0.0128770973835785
"2345","SI","Oyster","Spartina",0.00113068546251218
"2346","SI","Oyster","Spartina",0.00762600793266616
"2347","SI","Oyster","Spartina",0.0072656716182622
"2348","SI","Oyster","Spartina",0.00439445635198566
"2349","SI","Oyster","Spartina",0.013262146991814
"2350","SI","Oyster","Spartina",0.0125787747393048
"2351","SI","Oyster","Spartina",0.0268376887731363
"2352","SI","Oyster","Spartina",0.0041632416465041
"2353","SI","Oyster","Spartina",0.0182224691731903
"2354","SI","Oyster","Spartina",0.00389646339446567
"2355","SI","Oyster","Spartina",0.00324746234285519
"2356","SI","Oyster","Spartina",0.0256205588183192
"2357","SI","Oyster","Spartina",0.0133275826247046
"2358","SI","Oyster","Spartina",0.0173151343230841
"2359","SI","Oyster","Spartina",0.0149610958635627
"2360","SI","Oyster","Spartina",0.000843928138939527
"2361","SI","Oyster","Spartina",0.0163743246728855
"2362","SI","Oyster","Spartina",0.00729928083599837
"2363","SI","Oyster","Spartina",0.0234044445125332
"2364","SI","Oyster","Spartina",0.017112454577684
"2365","SI","Oyster","Spartina",0.0155386504794712
"2366","SI","Oyster","Spartina",0.0167741508132657
"2367","SI","Oyster","Spartina",0.0143372286666754
"2368","SI","Oyster","Spartina",0.0177013751311111
"2369","SI","Oyster","Spartina",0.0195972146822897
"2370","SI","Oyster","Spartina",0.0133738585836992
"2371","SI","Oyster","Spartina",0.00328834073666452
"2372","SI","Oyster","Spartina",0.0413304930792583
"2373","SI","Oyster","Spartina",0.00297940399331257
"2374","SI","Oyster","Spartina",0.00785034532251987
"2375","SI","Oyster","Spartina",0.0186478127919783
"2376","SI","Oyster","Spartina",0.0193426994162501
"2377","SI","Oyster","Spartina",0.0297609989132347
"2378","SI","Oyster","Spartina",0.0238428086180684
"2379","SI","Oyster","Spartina",0.0160018304917117
"2380","SI","Oyster","Spartina",0.00316784594212344
"2381","SI","Oyster","Spartina",0.0140478696862409
"2382","SI","Oyster","Spartina",0.0163772042650888
"2383","SI","Oyster","Spartina",0.0134394503378837
"2384","SI","Oyster","Spartina",0.0168643508777855
"2385","SI","Oyster","Spartina",0.0157754133509934
"2386","SI","Oyster","Spartina",0.0152484165270536
"2387","SI","Oyster","Spartina",0.00319082072607138
"2388","SI","Oyster","Spartina",0.000584432764085343
"2389","SI","Oyster","Spartina",0.0336386676159954
"2390","SI","Oyster","Spartina",0.0243197842159838
"2391","SI","Oyster","Spartina",0.014363894909197
"2392","SI","Oyster","Spartina",0.0187117835699716
"2393","SI","Oyster","Spartina",0.0164450686075108
"2394","SI","Oyster","Spartina",0.0118359328447492
"2395","SI","Oyster","Spartina",0.00179173772077615
"2396","SI","Oyster","Spartina",0.0138902355899895
"2397","SI","Oyster","Spartina",0.00686739947953704
"2398","SI","Oyster","Spartina",0.00761188919248078
"2399","SI","Oyster","Spartina",0.015571429903174
"2400","SI","Oyster","Spartina",0.0222157077203262
